3897	<H>הוצא<h>
4420	<H>אהלה<h>
5645	<H>אהלה<h>
5912	<H>אהלה<h>
6246	<H>צביים<h>
6354	<H>צביים<h>
11761	<H>ו<h>
11762	<H>יישׂם<h>
12783	<H>גיים<h>
13684	<H>צידה<h>
14110	<H>ו<h>
14111	<H>ישׁתחו<h>
15746	<H>ב<h>
15747	<H>גד<h>
18151	<H>צוארו<h>
19427	<H>אהלה<h>
19601	<H>יעישׁ<h>
19769	<H>יעישׁ<h>
21836	<H>אסורי<h>
24701	<H>ו<h>
24702	<H>ישׁתחו<h>
27914	<H>שׁילה<h>
27923	<H>עירה<h>
27939	<H>סותה<h>
30192	<H>מ<h>
30193	<H>זה<h>
37379	<H>ו<h>
37380	<H>ילינו<h>
37523	<H>תלונו<h>
40140	<H>לא<h>
40666	<H>בעירה<h>
40987	<H>כסותה<h>
43528	<H>ו<h>
43529	<H>עמדו<h>
44203	<H>מ<h>
44204	<H>טבעתו<h>
46879	<H>ב<h>
46880	<H>רעה<h>
46926	<H>מ<h>
46927	<H>ידו<h>
48666	<H>בריחו<h>
50063	<H>קצוותו<h>
51145	<H>קצוותו<h>
51662	<H>בריחו<h>
57312	<H>ידו<h>
58183	<H>לא<h>
62666	<H>ידו<h>
65030	<H>יקרחה<h>
66152	<H>ו<h>
66153	<H>נסכה<h>
67707	<H>לא<h>
69763	<H>קריאי<h>
77627	<H>ענו<h>
79134	<H>ו<h>
79135	<H>ילונו<h>
80269	<H>תלונו<h>
83722	<H>ו<h>
83723	<H>יירשׁ<h>
84904	<H>לך<h>
86066	<H>קרואי<h>
90013	<H>תנואון<h>
91464	<H>ו<h>
91465	<H>היה<h>
94390	<H>בנו<h>
96495	<H>מצותו<h>
97633	<H>מצותו<h>
98050	<H>מצותו<h>
101372	<H>ה<h>
101373	<H>הוא<h>
104933	<H>שׁפכה<h>
105541	<H>ה<h>
105542	<H>נער<h>
105549	<H>ה<h>
105550	<H>נער<h>
105560	<H>ה<h>
105561	<H>נער<h>
105656	<H>ל<h>
105657	<H><h>
105658	<H>נער<h>
105662	<H>ה<h>
105663	<H>נער<h>
105722	<H>נער<h>
105755	<H>ה<h>
105756	<H>נער<h>
105791	<H>ה<h>
105792	<H>נער<h>
105812	<H>ו<h>
105813	<H>ל<h>
105814	<H><h>
105815	<H>נער<h>
105820	<H>ל<h>
105821	<H><h>
105822	<H>נער<h>
105846	<H>ה<h>
105847	<H>נער<h>
105857	<H>נער<h>
105878	<H>ה<h>
105879	<H>נער<h>
107857	<H>מצותו<h>
108612	<H>ו<h>
108613	<H>ב<h>
108614	<H><h>
108615	<H>עפלים<h>
108676	<H>ישׁגלנה<h>
110034	<H>ו<h>
110035	<H>צביים<h>
111601	<H>במותי<h>
112262	<H>אשׁ<h>
112263	<H>דת<h>
112364	<H>בנו<h>
113664	<H>אחותי<h>
114012	<H>ו<h>
114013	<H>בינו<h>
114324	<H>ב<h>
114325	<H>אדם<h>
114776	<H>ב<h>
114777	<H>עלות<h>
114971	<H>עברנו<h>
115440	<H>ב<h>
115441	<H>שׁמעכם<h>
115491	<H>ו<h>
115492	<H>יאמרו<h>
115550	<H>תקעו<h>
115659	<H>הולך<h>
116601	<H>ו<h>
116602	<H>אראה<h>
117078	<H>בינו<h>
117201	<H>ב<h>
117202	<H><h>
117203	<H>עיר<h>
117878	<H>ו<h>
117879	<H>יאמרו<h>
117892	<H>אכרות<h>
121455	<H>ו<h>
121456	<H>היה<h>
122032	<H>ה<h>
122033	<H>גבול<h>
122073	<H>ו<h>
122074	<H>ינים<h>
122161	<H>יוכלו<h>
122231	<H>תצאתו<h>
123138	<H>ו<h>
123139	<H>היה<h>
123188	<H>ו<h>
123189	<H>היה<h>
123288	<H>ו<h>
123289	<H>היה<h>
123290	<H>תצאותיו<h>
123356	<H>ה<h>
123357	<H>עמני<h>
123685	<H>ו<h>
123686	<H>שׁחצומה<h>
123799	<H>ו<h>
123800	<H>יהיו<h>
124347	<H>גלון<h>
124906	<H>גלון<h>
125395	<H>מ<h>
125396	<H>עבר<h>
126707	<H>ו<h>
126708	<H>ארב<h>
126818	<H>ו<h>
126819	<H>אבאה<h>
127024	<H>ב<h>
127025	<H>עבר<h>
128003	<H>ישׁב<h>
129625	<H>ב<h>
129626	<H>צענים<h>
130510	<H>י<h>
130511	<H>באו<h>
131762	<H>צלול<h>
132004	<H>ו<h>
132005	<H>יניסו<h>
133053	<H>מלוכה<h>
133118	<H>מלוכי<h>
135314	<H>ו<h>
135315	<H>רעיתי<h>
136074	<H>דבריך<h>
137645	<H>לה<h>
137732	<H>ה<h>
137733	<H>אסירים<h>
137794	<H>כי<h>
137795	<H>טוב<h>
137811	<H>ה<h>
137812	<H>אסירים<h>
137835	<H>ו<h>
137836	<H>הימשׁני<h>
138021	<H>ו<h>
138022	<H>אתי<h>
139141	<H>ל<h>
139142	<H>השׁיבו<h>
139399	<H>לך<h>
139597	<H>ו<h>
139598	<H>יבול<h>
139748	<H>ב<h>
139749	<H>עלות<h>
140161	<H><h>
140162	<H>בנימן<h>
141393	<H>ו<h>
141394	<H>יצו<h>
141443	<H>ל<h>
141444	<H>רוב<h>
142158	<H>ו<h>
142159	<H>לא<h>
142226	<H>חסידו<h>
142242	<H>מריבו<h>
142243	<H>עלו<h>
142409	<H>לו<h>
142901	<H>ו<h>
142902	<H>עינו<h>
143221	<H>ב<h>
143222	<H>עינו<h>
143577	<H>יך<h>
143943	<H>ב<h>
143944	<H><h>
143945	<H>עפלים<h>
144032	<H>עפלים<h>
144112	<H>ב<h>
144113	<H><h>
144114	<H>עפלים<h>
144195	<H>עפלי<h>
144212	<H>עפליכם<h>
144884	<H>ו<h>
144885	<H>יעלה<h>
145118	<H>ב<h>
145119	<H>דרכו<h>
145487	<H>מ<h>
145488	<H>בן־ימין<h>
146160	<H>ה<h>
146161	<H>גג<h>
146383	<H>תבאינה<h>
146688	<H>ל<h>
146689	<H>משׁפחתו<h>
146964	<H>ב<h>
146965	<H>שׁמעו<h>
147050	<H>ב<h>
147051	<H>חם<h>
147433	<H>ו<h>
147434	<H>יאמר<h>
147973	<H>ו<h>
147974	<H>ייחל<h>
148217	<H>אמר<h>
148948	<H>ו<h>
148949	<H>תראנה<h>
149038	<H>ו<h>
149039	<H>יעשׂ<h>
149043	<H><h>
149044	<H>שׁלל<h>
149891	<H>ו<h>
149892	<H>יאמרו<h>
150890	<H>ו<h>
150891	<H>חץ<h>
151252	<H>מ<h>
151253	<H>מערות<h>
152173	<H>ו<h>
152174	<H>יאהבו<h>
152276	<H>ל<h>
152277	<H>שׁור<h>
152303	<H>ב<h>
152304	<H>אלפו<h>
152342	<H>עון<h>
152444	<H>דרכו<h>
152599	<H>עבדו<h>
153247	<H>ב<h>
153248	<H>נוית<h>
153257	<H>ב<h>
153258	<H>נוית<h>
153343	<H>ב<h>
153344	<H>נוית<h>
153352	<H>נוית<h>
153370	<H>ב<h>
153371	<H>נוית<h>
153411	<H>מ<h>
153412	<H>נוות<h>
153444	<H>לו<h>
153445	<H>עשׂה<h>
153924	<H>על<h>
154255	<H>ה<h>
154256	<H>חצי<h>
154671	<H>ב<h>
154672	<H>אלפו<h>
154675	<H>ב<h>
154676	<H>רבבתו<h>
154705	<H>ו<h>
154706	<H>יתו<h>
155038	<H>אלו<h>
155099	<H>ל<h>
155100	<H>שׁאול<h>
155170	<H>אזנו<h>
155190	<H>ל<h>
155191	<H>דויג<h>
155201	<H>דויג<h>
155292	<H>דויג<h>
155416	<H>ו<h>
155417	<H>אנשׁו<h>
156059	<H>איביך<h>
156163	<H>מן<h>
156164	<H>ה<h>
156165	<H>מערה<h>
156387	<H>ו<h>
156388	<H>את<h>
156561	<H>כלבו<h>
156881	<H>אבוגיל<h>
156893	<H>עשׂוות<h>
157292	<H>ו<h>
157293	<H>תבאתי<h>
157672	<H>סביבתו<h>
157728	<H>מראשׁתו<h>
157735	<H>סביבתו<h>
157821	<H>מראשׁתו<h>
157976	<H>מראשׁתו<h>
158115	<H>החנית<h>
158292	<H>יוסף<h>
158374	<H>ו<h>
158375	<H>ה<h>
158376	<H>גרזי<h>
158685	<H>קסומי<h>
159273	<H>ב<h>
159274	<H>רבבתו<h>
159563	<H>בנו<h>
160632	<H>ו<h>
160633	<H>יאמר<h>
160686	<H>ב<h>
160687	<H>בגדו<h>
160781	<H>דמיך<h>
161461	<H>תחתו<h>
161708	<H>ו<h>
161709	<H>ילדו<h>
161726	<H>ל<h>
161727	<H>אביגל<h>
161912	<H>תחתו<h>
162002	<H>לושׁ<h>
162248	<H>מבואך<h>
162954	<H>הייתה<h>
162955	<H><h>
162956	<H>מוציא<h>
162957	<H>ו<h>
162958	<H>ה<h>
162959	<H>מבי<h>
163109	<H>שׂנאו<h>
163379	<H>ב<h>
163380	<H>שׁמעך<h>
164660	<H><h>
165485	<H>בישׂראל<h>
166255	<H>ו<h>
166256	<H>יראו<h>
166257	<H>ה<h>
166258	<H>מוראים<h>
166573	<H>ב<h>
166574	<H>עינו<h>
166851	<H>שׂמלתו<h>
166913	<H>י<h>
166914	<H>חנני<h>
166955	<H>ו<h>
166956	<H>יקרא<h>
167099	<H>ב<h>
167100	<H><h>
167101	<H>מלכן<h>
167308	<H>ו<h>
167309	<H>תלושׁ<h>
167914	<H>עינו<h>
167981	<H>עמיחור<h>
168180	<H>שׂום<h>
168255	<H>מ<h>
168256	<H>הרבית<h>
168604	<H>עבדו<h>
168762	<H>ו<h>
168763	<H>הוצתיה<h>
169059	<H>ישׁיב<h>
169324	<H>אנועך<h>
169536	<H>ב<h>
169537	<H>עברות<h>
169793	<H>ול<h>
169794	<H>ה<h>
169795	<H>לחם<h>
169942	<H>תחתו<h>
169997	<H>כי<h>
169999	<H>וכי<h>
170048	<H>ב<h>
170049	<H>עוני<h>
170176	<H>לא<h>
170274	<H><h>
170551	<H>ב<h>
170552	<H>אחת<h>
171140	<H>ל<h>
171141	<H>עזיר<h>
171251	<H>נפצית<h>
171372	<H>ו<h>
171373	<H>לא<h>
171411	<H>ב<h>
171412	<H>נפשׁו<h>
171512	<H>ל<h>
171513	<H>אהלו<h>
171520	<H>ב<h>
171521	<H>חיו<h>
171598	<H>על<h>
171599	<H><h>
172094	<H>לא<h>
172430	<H>ב<h>
172431	<H>עינו<h>
172757	<H>ב<h>
172758	<H>ירדן<h>
172963	<H>ויעברו<h>
173204	<H>ו<h>
173205	<H>ייחר<h>
173284	<H>ו<h>
173285	<H>עלו<h>
173448	<H>ו<h>
173449	<H>יקלהו<h>
173674	<H>ה<h>
173675	<H>כרי<h>
173691	<H>ו<h>
173692	<H>שׁיא<h>
173806	<H>לי<h>
173850	<H>ינתן<h>
173943	<H>שׁבעתים<h>
173945	<H>ו<h>
173946	<H>הם<h>
173954	<H><h>
173955	<H>תחלת<h>
174035	<H>תלום<h>
174036	<H>שׁם<h>
174037	<H>הפלשׁתים<h>
174119	<H>ו<h>
174120	<H>ישׁבו<h>
174240	<H>מדין<h>
174269	<H>שׁמעי<h>
174377	<H>ו<h>
174378	<H>תגעשׁ<h>
174453	<H>ו<h>
174454	<H>יהמם<h>
174525	<H>משׁפטו<h>
174625	<H>דרכו<h>
174627	<H>רגליו<h>
174788	<H>מגדיל<h>
174937	<H>ה<h>
174938	<H>עצנו<h>
174945	<H>אחד<h>
174946	<H>ו<h>
174947	<H>אחרו<h>
174950	<H>דדי<h>
174955	<H><h>
174956	<H>גברים<h>
175054	<H>שׁלשׁים<h>
175169	<H>ה<h>
175170	<H>שׁלשׁי<h>
175209	<H>חי<h>
175226	<H>ה<h>
175227	<H>אריה<h>
175242	<H>אשׁר<h>
175381	<H>חצרו<h>
175401	<H>נשׂאי<h>
175769	<H>רחמו<h>
175837	<H>ה<h>
175838	<H>אורנה<h>
175898	<H>ארניה<h>
175980	<H>ב<h>
175981	<H>עינו<h>
176653	<H>עבדיך<h>
176877	<H>יהי<h>
177122	<H>אלהיך<h>
177814	<H>ו<h>
177815	<H>יושׁיביני<h>
179169	<H><h>
179170	<H>אחד<h>
179709	<H>רגלו<h>
180158	<H>יצוע<h>
180176	<H>ה<h>
180177	<H>יצוע<h>
180286	<H>ה<h>
180287	<H>יצוע<h>
180401	<H>מ<h>
180402	<H>ירכותי<h>
180507	<H>ב<h>
180508	<H>רתיקות<h>
180838	<H>משׁפטו<h>
181286	<H><h>
181287	<H>שׂבכה<h>
181366	<H>ו<h>
181367	<H>קוה<h>
181666	<H>ומסגרתיה<h>
181892	<H>ה<h>
181893	<H>אהל<h>
182634	<H>דבריך<h>
183225	<H>בנית<h>
183902	<H>ו<h>
183903	<H>ישׁתחו<h>
184102	<H>תמר<h>
184429	<H>משׁרתו<h>
185982	<H>ו<h>
185983	<H>יבאו<h>
186063	<H>ו<h>
186064	<H>ידבר<h>
186206	<H>ו<h>
186207	<H>יבו<h>
186442	<H>ו<h>
186443	<H>יבאו<h>
186757	<H>מ<h>
186758	<H>לבד<h>
187661	<H>אתי<h>
188236	<H>שׁושׁק<h>
188606	<H>ו<h>
188607	<H>קדשׁו<h>
188669	<H><h>
188670	<H>מלך<h>
189457	<H>חטאתו<h>
189622	<H>ו<h>
189623	<H>ב<h>
189624	<H>חטאתיו<h>
189798	<H>ו<h>
189799	<H>ב<h>
189800	<H>שׂגיב<h>
190105	<H>תתן<h>
190121	<H>הוא<h>
190122	<H>ו<h>
190123	<H>היא<h>
191161	<H>ו<h>
191162	<H>ב<h>
191163	<H>דבריך<h>
191300	<H>ברכו<h>
191476	<H>אחת<h>
192939	<H>מ<h>
192940	<H>על<h>
193183	<H>הספרים<h>
193467	<H>מבי<h>
193638	<H>אבי<h>
193929	<H>דבריך<h>
194644	<H>עשׂר<h>
194657	<H>נשׁברה<h>
195654	<H>ה<h>
195655	<H>גיאות<h>
196359	<H>ו<h>
196360	<H>יבו<h>
196504	<H>לכי<h>
196533	<H>שׁכנכי<h>
196577	<H>מיצקת<h>
196620	<H>נשׁיכי<h>
196623	<H><h>
196624	<H>בניכי<h>
196808	<H>אתי<h>
196928	<H>אתי<h>
196929	<H>הלכתי<h>
197192	<H>כפו<h>
197671	<H>ב<h>
197672	<H>סוסו<h>
197737	<H>אבנה<h>
197922	<H>יִסְלַח־נא<h>
198091	<H>מ<h>
198092	<H>אן<h>
198333	<H>ו<h>
198334	<H>הזהירה<h>
198695	<H>חרייונים<h>
199281	<H>ב<h>
199282	<H>ה<h>
199283	<H>שׂדה<h>
199321	<H>ההמון<h>
199372	<H>בה<h>
199373	<H>חפזם<h>
199536	<H>אתי<h>
199806	<H>לא<h>
199962	<H>שׁנה<h>
200593	<H>ל<h>
200594	<H>גיד<h>
200835	<H>שׁלשׁה<h>
201012	<H>שׁמטהו<h>
201097	<H>ו<h>
201098	<H>הית<h>
201809	<H>ל<h>
201810	<H>מחראות<h>
202004	<H>וראתה<h>
202038	<H>ה<h>
202039	<H>ממותתים<h>
202083	<H>ה<h>
202084	<H>מאיות<h>
202207	<H>ה<h>
202208	<H>מאיות<h>
202240	<H>ה<h>
202241	<H>מאיות<h>
202383	<H>ה<h>
202384	<H>מיאות<h>
202473	<H>מזבחתו<h>
202559	<H><h>
202560	<H>מלך<h>
202763	<H>ב<h>
202764	<H>ימין<h>
202826	<H>יד<h>
202830	<H>ה<h>
202831	<H>פקדים<h>
203194	<H>החטי<h>
203662	<H>יהועדין<h>
203752	<H>ימות<h>
203759	<H>המלח<h>
203899	<H>ל<h>
203900	<H>אהלו<h>
203916	<H>ו<h>
203917	<H>יבאו<h>
204757	<H><h>
204758	<H>מלך<h>
205167	<H>ו<h>
205168	<H>ארמים<h>
205400	<H>ו<h>
205401	<H>יצוהו<h>
205489	<H>ואת<h>
205513	<H>מיסך<h>
205826	<H>נביאו<h>
205922	<H>שׁנים<h>
206030	<H>ו<h>
206031	<H>ידא<h>
206294	<H>אלה<h>
206295	<H>ספרים<h>
207179	<H>חריהם<h>
207184	<H>שׁ<h>
207185	<H>יניהם<h>
207878	<H>ב<h>
207879	<H>רכב<h>
207896	<H>קצה<h>
208051	<H><h>
208168	<H><h>
208259	<H>העיר<h>
208464	<H>נכתה<h>
208600	<H>יקח<h>
208946	<H>שׁמעיו<h>
209319	<H>ו<h>
209320	<H>יתנה<h>
209328	<H>בבית<h>
210106	<H>בני<h>
210770	<H>ב<h>
210771	<H>מלך<h>
210873	<H>זבידה<h>
211076	<H>עלה<h>
211177	<H>עשׂרה<h>
211214	<H>אולי<h>
211279	<H>חמיטל<h>
211700	<H>אמה<h>
213126	<H>מ<h>
213127	<H>לכם<h>
213148	<H>נטוות<h>
213933	<H>ושׁאג<h>
215176	<H>לא<h>
215251	<H>ל<h>
215252	<H>מרבה<h>
215614	<H>ו<h>
215615	<H>ל<h>
215616	<H>שׂימו<h>
215737	<H>ו<h>
215738	<H>עתידתיהם<h>
216050	<H>בית<h>
216477	<H>מידעת<h>
216723	<H>תשׁגלנה<h>
217492	<H>הביאו<h>
218033	<H>אשׁקוטה<h>
219559	<H>כתיים<h>
219580	<H>בחיניו<h>
220248	<H>במי<h>
220527	<H>דלתיך<h>
220534	<H>יעבור<h>
221072	<H>שׁיט<h>
221075	<H>עבר<h>
221542	<H>הספר<h>
222431	<H>בה<h>
222438	<H>הוא<h>
222763	<H>ענוים<h>
222864	<H>ו<h>
222865	<H><h>
222866	<H>כרמל<h>
224037	<H>חראיהם<h>
224042	<H>שׁי<h>
224043	<H>ניהם<h>
224854	<H>ו<h>
224855	<H>אכול<h>
225406	<H>נכתה<h>
226434	<H>ו<h>
226435	<H>נרא<h>
226832	<H>ראית<h>
226888	<H>ל<h>
226889	<H>משׁוסה<h>
227657	<H>יסגוד<h>
227809	<H>מי<h>
227810	<H>אתי<h>
227905	<H>אושׁר<h>
228488	<H>עצתו<h>
228737	<H>הברו<h>
229220	<H>לא<h>
229243	<H>ו<h>
229244	<H>נצירי<h>
229387	<H>י<h>
229388	<H>פצחו<h>
230328	<H>התפתחו<h>
230366	<H>מי<h>
230367	<H>לי<h>
230375	<H>משׁלו<h>
231012	<H>הן<h>
231294	<H><h>
231295	<H>תחת<h>
231497	<H>צפו<h>
231865	<H>נוב<h>
232204	<H>במותי<h>
232997	<H>מטעו<h>
233279	<H>ו<h>
233280	<H>צנוף<h>
233604	<H>לא<h>
234020	<H>ו<h>
234021	<H>פרק<h>
234076	<H>על<h>
234786	<H>אחד<h>
235068	<H>אצורך<h>
235397	<H>תבואתה<h>
235622	<H>נצתה<h>
235629	<H>ו<h>
235630	<H>תחפנס<h>
235704	<H>אעבד<h>
235776	<H>נפשׁו<h>
235793	<H>ו<h>
235794	<H>גורנך<h>
235834	<H>ילדתני<h>
235936	<H>למדתי<h>
236051	<H>שׁגלת<h>
236088	<H>קראתי<h>
236103	<H>דברתי<h>
236152	<H>ו<h>
236153	<H>תראה<h>
236438	<H>תקראו<h>
236444	<H>תשׁובו<h>
236635	<H>ותקעו<h>
236885	<H>אחולה<h>
236896	<H>שׁמעתי<h>
237063	<H>ו<h>
237064	<H>אתי<h>
237232	<H>אסלוח<h>
237559	<H>וירה<h>
237761	<H>בור<h>
238054	<H>י<h>
238055	<H>אבדו<h>
238111	<H>תצאי<h>
238119	<H>תלכי<h>
238172	<H>מ<h>
238173	<H>אשׁ<h>
238174	<H>תם<h>
238650	<H>הוציא<h>
238953	<H>ויציאו<h>
239101	<H>ב<h>
239102	<H>מרצותם<h>
239118	<H>ו<h>
239119	<H>סוס<h>
239516	<H>שׁוחט<h>
240117	<H><h>
240118	<H>ארץ<h>
240175	<H>ישׁבתי<h>
241517	<H>י<h>
241518	<H>שׁית<h>
241570	<H>שׂאי<h>
241572	<H>ו<h>
241573	<H>ראי<h>
241714	<H>צעוריהם<h>
241949	<H>ו<h>
241950	<H>אלול<h>
241951	<H>ו<h>
241952	<H>תרמות<h>
242268	<H>ל<h>
242269	<H>זועה<h>
242338	<H>אלמנתו<h>
242363	<H>באה<h>
242408	<H>שׁרותך<h>
242491	<H>דבריך<h>
242994	<H>ל<h>
242995	<H>דוגים<h>
243256	<H>ירא<h>
243297	<H>כ<h>
243298	<H>דרכו<h>
243315	<H>ימו<h>
243335	<H>י<h>
243336	<H>סורי<h>
243426	<H><h>
243427	<H>עם<h>
243523	<H>שׁומע<h>
243561	<H>בה<h>
243705	<H>ו<h>
243706	<H>הן<h>
243707	<H>הו<h>
243829	<H>ה<h>
243830	<H>רעה<h>
243954	<H>שׁרוקת<h>
244084	<H>שׁיחה<h>
244114	<H>ו<h>
244115	<H>היו<h>
244151	<H>ה<h>
244152	<H>חרסות<h>
244504	<H>מבי<h>
245185	<H>י<h>
245186	<H>חיה<h>
245257	<H>מעלליהם<h>
245398	<H>ו<h>
245399	<H>עבדו<h>
245443	<H>נושׁבה<h>
245698	<H>הדה<h>
245763	<H>ישׁבתי<h>
245767	<H>מקננתי<h>
246308	<H>דברי<h>
246941	<H>ל<h>
246942	<H>זועה<h>
247155	<H>הכעסוני<h>
247290	<H>ו<h>
247291	<H>הבאיתי<h>
247971	<H>ה<h>
247972	<H>זאתה<h>
248288	<H>מיכיה<h>
248995	<H>יכוניה<h>
249063	<H>ב<h>
249064	<H><h>
249065	<H>שׁנת<h>
249749	<H>שׁביתכם<h>
249863	<H>ל<h>
249864	<H>זועה<h>
250006	<H>ה<h>
250007	<H>וידע<h>
251036	<H>הלכתי<h>
251398	<H><h>
251416	<H>קוה<h>
251437	<H>ה<h>
251438	<H>שׁרמות<h>
251468	<H>ב<h>
251469	<H><h>
251470	<H>שׁנת<h>
251560	<H>עינו<h>
251995	<H>ו<h>
251996	<H>ב<h>
251997	<H>תרותך<h>
252308	<H>החטי<h>
252691	<H>ל<h>
252692	<H>כול<h>
253134	<H>אשׁוב<h>
253423	<H>ו<h>
253424	<H>יכבישׁום<h>
253593	<H>ל<h>
253594	<H>זועה<h>
255180	<H>ה<h>
255181	<H>כליא<h>
255492	<H>ו<h>
255493	<H>איו<h>
255630	<H>י<h>
255631	<H>חיה<h>
255904	<H>הסחבות<h>
256028	<H>את אֲשֶׁר֩<h>
256628	<H>כִּ֗י אם<h>
256715	<H>מבי<h>
256858	<H><h>
256859	<H>דבר<h>
257048	<H>עופי<h>
257285	<H>תעשׂ<h>
257759	<H>כמוהם<h>
257930	<H>אנו<h>
258267	<H>התעתים<h>
258596	<H>שׁפרורו<h>
258598	<H>ו<h>
258599	<H>באה<h>
259901	<H>הרביתי<h>
260422	<H>צעוריה<h>
260425	<H>ה<h>
260426	<H>לחות<h>
260462	<H>כמישׁ<h>
260469	<H>יחד<h>
260635	<H>י<h>
260636	<H>שׁבי<h>
260668	<H>הילילי<h>
260669	<H>ו<h>
260670	<H>זעקי<h>
260691	<H>מופעת<h>
260762	<H>נמצאה<h>
261033	<H>ה<h>
261034	<H>ניס<h>
261597	<H>תהלה<h>
261637	<H>נבוכדראצור<h>
261689	<H>עליהם<h>
261812	<H>עולם<h>
261863	<H>אשׁוב<h>
261865	<H>שׁבית<h>
261977	<H>היה<h>
261982	<H>שׁובבים<h>
262017	<H>יצאו<h>
262063	<H>תשׂמחי<h>
262065	<H>תעלזי<h>
262069	<H>תפושׁי<h>
262073	<H>ו<h>
262074	<H>תצהלי<h>
262132	<H>אשׁויתיה<h>
262403	<H><h>
262684	<H>ארוצם<h>
262779	<H>יִדְרֹ֤ךְ ידרך<h>
262877	<H>רפאנו<h>
262961	<H>שׁכנתי<h>
263334	<H>אכלנו<h>
263335	<H>הממנו<h>
263339	<H>הציגנו<h>
263342	<H>בלענו<h>
263350	<H>הדיחנו<h>
263927	<H>חמיטל<h>
264154	<H>בבית<h>
264418	<H>קומה<h>
264682	<H>ה<h>
264683	<H>כליא<h>
264696	<H><h>
264697	<H>מלכים<h>
264873	<H>ו<h>
264874	<H>ידו<h>
265789	<H>ו<h>
265790	<H>אשׁר<h>
265912	<H>צדקתו<h>
266187	<H>ה<h>
266188	<H>ימוני<h>
266370	<H>צפועי<h>
266865	<H>ו<h>
266866	<H>ל<h>
266867	<H><h>
266868	<H>גאית<h>
267157	<H>ארבעת<h>
267518	<H>ו<h>
267519	<H>חללה<h>
267775	<H>מ<h>
267776	<H>הם<h>
268166	<H>אלו<h>
268208	<H>על<h>
268210	<H>עיניכם<h>
268366	<H>כ<h>
268367	<H><h>
268368	<H>אשׁר<h>
269596	<H>עזרה<h>
270431	<H>בה<h>
270652	<H>דנאל<h>
270775	<H>דנאל<h>
271246	<H>שׁשׁי<h>
271256	<H>אכלתי<h>
271351	<H>נתתי<h>
271394	<H>מ<h>
271395	<H>תזנתך<h>
271413	<H>זכרתי<h>
271468	<H>תזנתך<h>
271555	<H>עשׂיתי<h>
271561	<H>הייתי<h>
271782	<H>זכרתי<h>
271805	<H>עשׂיתי<h>
271876	<H>עשׂיתי<h>
271957	<H>אחותך<h>
271962	<H>עשׂיתי<h>
271993	<H>שׁבית<h>
271999	<H>שׁבית<h>
272003	<H>ו<h>
272004	<H>שׁבית<h>
272087	<H>ו<h>
272088	<H>עשׂית<h>
272593	<H>מברחו<h>
273076	<H><h>
273077	<H>רשׁע<h>
273087	<H>חטאתו<h>
273153	<H>צדקתו<h>
273223	<H>ו<h>
273224	<H>ישׁוב<h>
275012	<H>כ<h>
275013	<H>קסום<h>
275464	<H>ל<h>
275465	<H>סוג<h>
275920	<H>כשׂדיים<h>
275942	<H>ו<h>
275943	<H>תעגב<h>
276427	<H>סובאים<h>
276446	<H>עת<h>
276447	<H>יזנה<h>
276579	<H>כתוב<h>
277181	<H>ל<h>
277182	<H>בג<h>
277235	<H>ו<h>
277236	<H>קריתמה<h>
277843	<H>ה<h>
277844	<H>ישׁבתי<h>
277899	<H>כתים<h>
278037	<H>ו<h>
278038	<H>הובנים<h>
278411	<H>מ<h>
278412	<H>דנאל<h>
278896	<H>חחיים<h>
278968	<H>ב<h>
278969	<H><h>
278970	<H>כפך<h>
279557	<H>תחיל<h>
279860	<H>פארתו<h>
280172	<H>המונה<h>
280761	<H>המונה<h>
280774	<H>חתיתו<h>
280789	<H>המונה<h>
281100	<H>צדקתו<h>
281146	<H>חטאתו<h>
282292	<H>תישׁבנה<h>
282357	<H>שׁממה<h>
282713	<H>אתי<h>
282716	<H>גויך<h>
282723	<H>ו<h>
282724	<H>גויך<h>
282726	<H>תכשׁלי<h>
282745	<H>ו<h>
282746	<H>גויך<h>
283517	<H>חברו<h>
283533	<H>חברו<h>
283585	<H>חברו<h>
283666	<H>יהיה<h>
284583	<H>המונה<h>
284849	<H>שׁבית<h>
285110	<H>ב<h>
285111	<H>מעלותו<h>
285177	<H>ו<h>
285178	<H>אילו<h>
285297	<H>ה<h>
285298	<H>יאתון<h>
285421	<H>ו<h>
285422	<H>תאו<h>
285430	<H>ו<h>
285431	<H>אילו<h>
285432	<H>ו<h>
285433	<H>אלמו<h>
285452	<H>ו<h>
285453	<H>חלונו<h>
285454	<H>ו<h>
285455	<H>אלמו<h>
285456	<H>ו<h>
285457	<H>תמרו<h>
285473	<H>ו<h>
285474	<H>אילמו<h>
285515	<H>אילו<h>
285516	<H>ו<h>
285517	<H>אילמו<h>
285526	<H>ו<h>
285527	<H>ל<h>
285528	<H>אילמו<h>
285548	<H>עלותו<h>
285549	<H>ו<h>
285550	<H>אלמו<h>
285564	<H>אילו<h>
285609	<H>ו<h>
285610	<H>תאו<h>
285611	<H>ו<h>
285612	<H>אילו<h>
285613	<H>ו<h>
285614	<H>אלמו<h>
285623	<H>ו<h>
285624	<H>ל<h>
285625	<H>אלמו<h>
285650	<H>ו<h>
285651	<H>אלמו<h>
285659	<H>אילו<h>
285663	<H>מעלו<h>
285684	<H>ו<h>
285685	<H>תאו<h>
285686	<H>ו<h>
285687	<H>אלו<h>
285688	<H>ו<h>
285689	<H>אלמו<h>
285698	<H>ו<h>
285699	<H>ל<h>
285700	<H>אלמו<h>
285712	<H>ו<h>
285713	<H>אלמו<h>
285722	<H>אלו<h>
285731	<H>מעלו<h>
285745	<H>תאו<h>
285746	<H>אלו<h>
285747	<H>ו<h>
285748	<H>אלמו<h>
285763	<H>ו<h>
285764	<H>אילו<h>
285773	<H>אילו<h>
285782	<H>מעלו<h>
286286	<H>מיסדות<h>
286428	<H>ו<h>
286429	<H>אתוקיהא<h>
286854	<H>ו<h>
286855	<H>מ<h>
286856	<H>תחתה<h>
286857	<H><h>
286858	<H>לשׁכות<h>
286861	<H>ה<h>
286862	<H>מבוא<h>
287015	<H>י<h>
287016	<H>לבשׁו<h>
287057	<H>אמות<h>
287352	<H>צורתו<h>
287359	<H>צורתו<h>
287362	<H>תורתו<h>
287470	<H>ו<h>
287471	<H>מ<h>
287472	<H>ה<h>
287473	<H>אראיל<h>
287480	<H>ו<h>
287481	<H>ה<h>
287482	<H>אראיל<h>
287703	<H>ידו<h>
287783	<H>ל<h>
287784	<H>אכול<h>
287853	<H>תורתו<h>
288279	<H>ל<h>
288280	<H>שׁפט<h>
288283	<H>ושׁפטהו<h>
288494	<H>חמשׁ<h>
288548	<H>י<h>
288549	<H>היה<h>
289293	<H>יצאו<h>
289431	<H>ועשׂו<h>
289551	<H>ב<h>
289552	<H><h>
289553	<H>ירכתם<h>
289845	<H>ו<h>
289846	<H>נרפאו<h>
289888	<H>יעמדו<h>
289912	<H>בצאתו<h>
289953	<H>ו<h>
289954	<H>היו<h>
290463	<H>יעבור<h>
290499	<H>ב<h>
290500	<H>תוכה<h>
290514	<H>חֲמֵ֥שׁ חמשׁ<h>
290588	<H>תבואתה<h>
290683	<H>ב<h>
290684	<H>תוכה<h>
292350	<H>שׁעריריה<h>
292741	<H>אכתוב<h>
292743	<H>רבו<h>
293039	<H>בלי<h>
293218	<H>עינתם<h>
295014	<H>אשׁוב<h>
297571	<H>ענוי<h>
297646	<H>ו<h>
297647	<H>נשׁקה<h>
297937	<H>מעלותו<h>
298327	<H>שׁערו<h>
299589	<H>במותי<h>
299686	<H>שׁילל<h>
299724	<H>התפלשׁתי<h>
300071	<H>רעה<h>
301463	<H>ו<h>
301464	<H>גדול<h>
301658	<H>ל<h>
301659	<H>עבור<h>
301731	<H>ב<h>
301732	<H>הלכותם<h>
301915	<H>י<h>
301916	<H>כשׁלו<h>
302855	<H>עזה<h>
302977	<H>פרזו<h>
303585	<H>שׁבותם<h>
303633	<H>גוי<h>
304261	<H>ו<h>
304262	<H>אכבד<h>
305060	<H>ו<h>
305061	<H>מעליליכם<h>
305330	<H>ו<h>
305331	<H>קוה<h>
305492	<H>אלו<h>
305905	<H>ו<h>
305906	<H>יאמר<h>
308045	<H>ה<h>
308046	<H>בצור<h>
308944	<H>תשׁגלנה<h>
309060	<H>י<h>
309061	<H>קפאון<h>
311114	<H>הושׁר<h>
311203	<H>ו<h>
311204	<H>את<h>
311683	<H>עניים<h>
311742	<H>ענוים<h>
311807	<H>דרכו<h>
311875	<H>ודכה<h>
311881	<H>חל<h>
311882	<H>כאים<h>
311901	<H>עניים<h>
311982	<H>נודו<h>
312581	<H>סבבוני<h>
312623	<H>ו<h>
312624	<H>צפינך<h>
313158	<H>מגדל<h>
314024	<H>דרשׁו<h>
314294	<H>צרופה<h>
314840	<H>מ<h>
314841	<H>יורדי<h>
316816	<H>רדופי<h>
316833	<H>ל<h>
316834	<H>ידיתון<h>
317243	<H>י<h>
317244	<H>אשׁר<h>
317493	<H>שׁירה<h>
318570	<H>ו<h>
318571	<H>צירם<h>
318891	<H>הרבה<h>
319331	<H>ישׁוב<h>
319509	<H>ישׁי<h>
319510	<H>מות<h>
319685	<H>יצפינו<h>
319975	<H>חצו<h>
320137	<H>חסדו<h>
320201	<H>ינועון<h>
320302	<H>ו<h>
320303	<H>עננו<h>
321030	<H>ירימו<h>
322172	<H>חישׁה<h>
322251	<H>הראיתנו<h>
322257	<H>תחיינו<h>
322490	<H>ינין<h>
322543	<H>נטוי<h>
322547	<H>שׁפכה<h>
322609	<H>ישׁיב<h>
322669	<H>היא<h>
322836	<H>ו<h>
322837	<H>עת<h>
322897	<H>חוקך<h>
323259	<H>ידיתון<h>
323360	<H>אזכיר<h>
323441	<H>ו<h>
323442	<H>שׁביליך<h>
324359	<H>ב<h>
324360	<H><h>
324361	<H>גיים<h>
325161	<H>שׁבות<h>
325900	<H>תרים<h>
325997	<H>אשׁמור<h>
326303	<H>שׁת<h>
326706	<H>עלתה<h>
327589	<H>ו<h>
327590	<H>לא<h>
327663	<H>מלושׁני<h>
327952	<H>כחו<h>
328731	<H>רגליו<h>
328819	<H>דברוו<h>
329409	<H>חסדו<h>
331913	<H>ו<h>
331914	<H>ידעו<h>
332434	<H>ל<h>
332435	<H>דבריך<h>
332538	<H>ו<h>
332539	<H>מ<h>
332540	<H>דבריך<h>
332916	<H>ל<h>
332917	<H>גא<h>
332918	<H>יונים<h>
333103	<H>שׁבותנו<h>
333284	<H>ל<h>
333285	<H>מענותם<h>
334390	<H>פלאיה<h>
334497	<H>ו<h>
334498	<H>לא<h>
334667	<H>יכסומו<h>
334668	<H>ימיטו<h>
334692	<H>ידעת<h>
335292	<H>ו<h>
335293	<H>גדולתיך<h>
335719	<H>דברו<h>
335756	<H>צבאו<h>
336100	<H>אחיתיהם<h>
336235	<H>את<h>
336495	<H>יצתי<h>
336681	<H><h>
336682	<H>עד<h>
337471	<H>ו<h>
337472	<H>ידו<h>
337583	<H>ו<h>
337584	<H>היתי<h>
337758	<H>לא<h>
337834	<H>ו<h>
337835	<H>שׁבי<h>
337854	<H>על<h>
337897	<H>ו<h>
337898	<H>גישׁ<h>
338389	<H>תחתו<h>
338530	<H>ב<h>
338531	<H>מו<h>
338779	<H>י<h>
338780	<H>חדל<h>
338781	<H>י<h>
338782	<H>שׁית<h>
339384	<H>לא<h>
339556	<H>חקו<h>
339869	<H>ב<h>
339870	<H>קדשׁו<h>
339944	<H>ו<h>
339945	<H>צפו<h>
340039	<H>ב<h>
340040	<H><h>
340041	<H>שׁו<h>
340239	<H>חמרמרה<h>
340908	<H>שׁדין<h>
341002	<H>עלומו<h>
341277	<H>יבלו<h>
341352	<H>עינו<h>
341925	<H>ו<h>
341926	<H>ידעו<h>
341972	<H>יקצירו<h>
342342	<H>ו<h>
342343	<H>ב<h>
342344	<H>תובנתו<h>
342358	<H>דרכו<h>
342367	<H>גבורתו<h>
342502	<H>שׂרידו<h>
343200	<H>יתרו<h>
343308	<H>תשׁוה<h>
343498	<H>הוא<h>
343500	<H>ו<h>
343501	<H>היא<h>
343593	<H>חלצו<h>
344214	<H>ו<h>
344215	<H>ריב<h>
344230	<H>ו<h>
344231	<H>שׁפי<h>
344306	<H>נפשׁי<h>
344312	<H>ו<h>
344313	<H>חיתי<h>
345311	<H>ב<h>
345312	<H>תחבולתו<h>
345441	<H>מן<h>
345442	<H>ה<h>
345443	<H>סערה<h>
345546	<H>ידעת<h>
345547	<H>ה<h>
345548	<H>שׁחר<h>
345829	<H>ילדו<h>
345933	<H>ישׁוב<h>
346082	<H>כנפו<h>
346112	<H>ו<h>
346113	<H>אפרחו<h>
346167	<H>מן<h>
346168	<H>סערה<h>
346269	<H>פחדו<h>
346426	<H>לא<h>
346623	<H>ידעת<h>
346776	<H>שׁבית<h>
346799	<H>אחיתיו<h>
346915	<H>ו<h>
346916	<H>ירא<h>
347176	<H>כ<h>
347177	<H>שׁאוה<h>
347299	<H>וצפן<h>
347314	<H>חסידו<h>
347577	<H>מ<h>
347578	<H>פניים<h>
347694	<H>ידיך<h>
347699	<H>ל<h>
347700	<H>רעיך<h>
347722	<H>תרוב<h>
347764	<H>ו<h>
347765	<H>ל<h>
347766	<H>עניים<h>
347928	<H>יכשׁולו<h>
348359	<H>ב<h>
348360	<H>עינו<h>
348362	<H>ב<h>
348363	<H>רגלו<h>
348375	<H>מדנים<h>
348393	<H>תועבות<h>
348987	<H>אהביה<h>
349161	<H>מצאי<h>
349653	<H>ושׁדם<h>
350038	<H>ישׁוב<h>
350337	<H>הלוך<h>
350340	<H>וחכם<h>
350581	<H>עניים<h>
350829	<H>ו<h>
350830	<H>פני<h>
351190	<H>עניים<h>
351270	<H>שׂפתיו<h>
351463	<H>תמישׁ<h>
351603	<H>וקר<h>
351771	<H>י<h>
351772	<H>בא<h>
351789	<H>ו<h>
351790	<H>מדונים<h>
351911	<H>לא<h>
351996	<H>יומת<h>
352016	<H>גרל<h>
352159	<H>י<h>
352160	<H>שׁאל<h>
352276	<H>נכרים<h>
352314	<H>ב<h>
352315	<H>אישׁון<h>
352318	<H>מבחלת<h>
352400	<H>תמריק<h>
352595	<H>מדונים<h>
352686	<H>יכין<h>
352687	<H>דרכיו<h>
352731	<H>ו<h>
352732	<H>יסתר<h>
352781	<H>יקצור<h>
352809	<H>טהור<h>
352839	<H>יפול<h>
352896	<H>שׁלשׁום<h>
352947	<H>ארחתו<h>
353015	<H>תתאו<h>
353029	<H>ה<h>
353030	<H>תעוף<h>
353042	<H>ועיף<h>
353053	<H>תתאו<h>
353227	<H>גול<h>
353228	<H>יגול<h>
353231	<H><h>
353232	<H>יולד<h>
353234	<H>וישׂמח<h>
353250	<H>תרצנה<h>
353277	<H>מדונים<h>
353308	<H>ב<h>
353309	<H><h>
353310	<H>כיס<h>
353361	<H>תתאו<h>
353524	<H>אויביך<h>
353962	<H>מדונים<h>
354038	<H>לא<h>
354224	<H>מדונים<h>
354247	<H>ב<h>
354248	<H>שׂפתו<h>
354381	<H>ו<h>
354382	<H>רעה<h>
354444	<H>מדונים<h>
354486	<H>ו<h>
354487	<H>אבדה<h>
354548	<H><h>
354549	<H>דור<h>
354654	<H>ו<h>
354655	<H>בתרבית<h>
354736	<H>שׂנאי<h>
355240	<H>אדנו<h>
355331	<H>ו<h>
355332	<H>ארבע<h>
355537	<H>או<h>
355649	<H>נטע<h>
355664	<H>ב<h>
355665	<H><h>
355666	<H>ליל<h>
355954	<H>יעשׂה<h>
356230	<H>מידע<h>
356807	<H>שׂמלתך<h>
356809	<H>ו<h>
356810	<H>ירדתי<h>
356842	<H>ו<h>
356843	<H>שׁכבתי<h>
356857	<H><h>
356978	<H>כִּ֥י אם<h>
357016	<H>מרגלתו<h>
357022	<H>ב<h>
357023	<H>טרום<h>
357092	<H><h>
357205	<H>ו<h>
357206	<H>אדע<h>
357239	<H>קניתי<h>
357253	<H>ל<h>
357254	<H>גאול<h>
357781	<H>רחיטנו<h>
357920	<H>ה<h>
357921	<H>סתו<h>
357956	<H>לכי<h>
358351	<H>ב<h>
358352	<H>אחד<h>
360687	<H>עיניו<h>
360846	<H>רגליך<h>
361018	<H>היא<h>
361052	<H>ראית<h>
361431	<H>שׁה<h>
361432	<H>תקיף<h>
361791	<H>את<h>
362423	<H>יבחר<h>
362777	<H>כ<h>
362778	<H>שׁה<h>
362779	<H>סכל<h>
362875	<H>הכשׁיר<h>
363020	<H>הכנפים<h>
363363	<H>ירחק<h>
363612	<H>מן<h>
363613	<H>בת<h>
363724	<H>מחמודיהם<h>
363864	<H><h>
363865	<H>עמים<h>
363987	<H><h>
363988	<H>לא<h>
364262	<H>שׁביתך<h>
364362	<H>ב<h>
364363	<H><h>
364364	<H>ליל<h>
364524	<H>אריה<h>
364597	<H>ו<h>
364598	<H>תשׁיח<h>
364633	<H>ל<h>
364634	<H>קוו<h>
364690	<H>חסדו<h>
364746	<H>חטאו<h>
364978	<H>תנין<h>
364987	<H>כי<h>
364988	<H><h>
364989	<H>ענים<h>
365115	<H>וכל<h>
365183	<H><h>
365184	<H>זקנים<h>
365187	<H>עודינה<h>
365248	<H>יושׁבתי<h>
365279	<H>הביט<h>
365293	<H><h>
365294	<H>אין<h>
365311	<H><h>
365312	<H>לא<h>
365324	<H><h>
365325	<H>אינם<h>
365326	<H><h>
365327	<H>אנחנו<h>
365439	<H>ו<h>
365440	<H>נשׁוב<h>
365810	<H>מומכן<h>
366731	<H>ב<h>
366732	<H>אמרם<h>
367194	<H>ו<h>
367195	<H>תבואינה<h>
367286	<H>ב<h>
367287	<H><h>
367288	<H>יהודיים<h>
368637	<H>ה<h>
368638	<H>יהודיים<h>
368828	<H>ב<h>
368829	<H><h>
368830	<H>יהודיים<h>
369058	<H>ה<h>
369059	<H>יהודיים<h>
369060	<H>עתודים<h>
369491	<H>ה<h>
369492	<H>יהודיים<h>
369573	<H>ו<h>
369574	<H>ה<h>
369575	<H>יהודיים<h>
369606	<H>ה<h>
369607	<H>פרוזים<h>
369834	<H>ו<h>
369835	<H>קבל<h>
370008	<H>אחשׁרשׁ<h>
370147	<H>מאום<h>
370611	<H>ל<h>
370612	<H>עבדיך<h>
370620	<H>ל<h>
370621	<H>כשׂדיא<h>
370703	<H>הזמנתון<h>
370721	<H>כשׂדיא<h>
370968	<H>ו<h>
370969	<H>נהירא<h>
371064	<H>ה<h>
371065	<H>איתיך<h>
371120	<H>אנתה<h>
371165	<H>אנתה<h>
371206	<H>מנהון<h>
371209	<H>ו<h>
371210	<H>מנהון<h>
371285	<H>אנתה<h>
371304	<H>דארין<h>
371319	<H>אנתה<h>
371333	<H>תליתיא<h>
371344	<H>רביעיה<h>
371374	<H>מנהון<h>
371378	<H>ו<h>
371379	<H>מנהון<h>
371404	<H>מנהון<h>
371406	<H>ו<h>
371407	<H>מנהון<h>
371418	<H><h>
371419	<H>די<h>
371676	<H>ו<h>
371677	<H>קאמין<h>
371702	<H>קיתרוס<h>
371749	<H>קיתרס<h>
371794	<H>אנתה<h>
371806	<H>קיתרס<h>
371809	<H>ו<h>
371810	<H>סיפניה<h>
371852	<H>עליך<h>
371855	<H>ל<h>
371856	<H>אלהיך<h>
371925	<H>קיתרס<h>
372008	<H>איתינא<h>
372026	<H>אשׁתנו<h>
372075	<H>פטישׁיהון<h>
372179	<H>רביעיא<h>
372203	<H>עליא<h>
372278	<H>גשׁמיהון<h>
372303	<H>שׁלה<h>
372352	<H>דארין<h>
372365	<H>עליא<h>
372427	<H>עללין<h>
372430	<H>כשׂדיא<h>
372537	<H>ידרון<h>
372615	<H>אנושׁא<h>
372642	<H>עליא<h>
372645	<H>אנושׁא<h>
372656	<H>עליה<h>
372663	<H>ו<h>
372664	<H>אנתה<h>
372680	<H>ו<h>
372681	<H>אנתה<h>
372714	<H>מראי<h>
372716	<H>ל<h>
372717	<H>שׂנאיך<h>
372720	<H>ל<h>
372721	<H>עריך<h>
372760	<H>אנתה<h>
372833	<H>עליא<h>
372838	<H>מראי<h>
372867	<H>עליך<h>
372873	<H>עליא<h>
372905	<H>עליך<h>
372906	<H>ו<h>
372907	<H>חטיך<h>
372996	<H>עליך<h>
373002	<H>עליא<h>
373057	<H>ו<h>
373058	<H>ל<h>
373059	<H>עליא<h>
373080	<H>דארי<h>
373092	<H>ו<h>
373093	<H>דארי<h>
373246	<H>נפקו<h>
373295	<H>כשׂדיא<h>
373317	<H>ו<h>
373318	<H>המונכא<h>
373329	<H>עללין<h>
373339	<H>ו<h>
373340	<H>פשׁרא<h>
373367	<H>עללת<h>
373463	<H>אנתה<h>
373480	<H>עליך<h>
373518	<H>עליך<h>
373520	<H>תוכל<h>
373530	<H>תוכל<h>
373540	<H>ו<h>
373541	<H>המונכא<h>
373575	<H>אנתה<h>
373578	<H>עליא<h>
373602	<H>זאעין<h>
373657	<H>שׁוי<h>
373678	<H>עליא<h>
373688	<H>עליה<h>
373689	<H>ו<h>
373690	<H>אנתה<h>
373714	<H>קדמיך<h>
373715	<H>ו<h>
373716	<H>אנתה<h>
373717	<H>ו<h>
373718	<H>רברבניך<h>
373815	<H>ו<h>
373816	<H>המונכא<h>
373836	<H>כשׂדיא<h>
373839	<H>מדיא<h>
374170	<H>עליך<h>
374261	<H>אנתה<h>
374348	<H>אנתה<h>
374388	<H>קדמיך<h>
374470	<H>דארין<h>
374486	<H>זאעין<h>
374542	<H>פרסיא<h>
374643	<H>שׁניה<h>
374668	<H>גביה<h>
374688	<H>רביעיה<h>
374706	<H>ב<h>
374707	<H>רגליה<h>
374731	<H>ביניהון<h>
374737	<H>אתעקרו<h>
374739	<H>קדמיה<h>
374789	<H>אלפים<h>
374793	<H>רבון<h>
374957	<H>כלהון<h>
374960	<H>שׁניה<h>
374985	<H>ו<h>
374986	<H>נפלו<h>
374988	<H>קדמיה<h>
375040	<H>רביעיא<h>
375082	<H>עליא<h>
375450	<H>הרים<h>
375856	<H>והרשׁענו<h>
376011	<H>דבריו<h>
376168	<H>פקחה<h>
376315	<H>ו<h>
376316	<H>ל<h>
376317	<H>חתם<h>
376318	<H>חטאות<h>
377124	<H>ו<h>
377125	<H>בנו<h>
377141	<H>ו<h>
377142	<H>יתגרו<h>
377144	<H>מעזה<h>
377173	<H>י<h>
377174	<H>רום<h>
377308	<H>ו<h>
377309	<H>ישׁב<h>
377733	<H>הכיר<h>
378434	<H>נבוכדנצור<h>
378796	<H>שׁמלי<h>
378820	<H>מעינים<h>
378822	<H>נפיסים<h>
379167	<H>ו<h>
379168	<H>יעל<h>
379542	<H>ו<h>
379543	<H>לא<h>
379602	<H>ו<h>
379603	<H>מבלהים<h>
379649	<H>כנותו<h>
379651	<H>ארתחשׁשׂתא<h>
379693	<H>ארכוי<h>
379696	<H>דהוא<h>
379729	<H>עבדיך<h>
379751	<H>ו<h>
379752	<H>באישׁתא<h>
379754	<H>ו<h>
379755	<H>שׁורי<h>
379756	<H>אשׁכללו<h>
379975	<H>ארתחשׁשׂתא<h>
380022	<H>נביאה<h>
380027	<H>נביאיא<h>
380062	<H>נביאיא<h>
380279	<H>כסדיא<h>
380351	<H>אלה<h>
380745	<H>נביאה<h>
380820	<H>ל<h>
380821	<H>חטיא<h>
381272	<H>עליך<h>
381275	<H>אחיך<h>
381429	<H>דאנין<h>
381469	<H>ל<h>
381470	<H>שׁרשׁו<h>
381711	<H>ו<h>
381712	<H>זבוד<h>
381782	<H>ו<h>
381783	<H>אוצאה<h>
381803	<H>ה<h>
381804	<H>נתונים<h>
381968	<H>ו<h>
381969	<H>אשׁקולה<h>
382748	<H>עולם<h>
382999	<H>כ<h>
383000	<H>דבריך<h>
383315	<H>י<h>
383316	<H>רמות<h>
383362	<H>כלהי<h>
383368	<H>ו<h>
383369	<H>יעשׂו<h>
383398	<H>ידו<h>
383404	<H>נשׂאו<h>
383422	<H>כסלו<h>
383640	<H>ו<h>
383641	<H>הבואתים<h>
384048	<H>הם<h>
384049	<H>פרוצים<h>
384551	<H>ו<h>
384552	<H>יעמידו<h>
384651	<H>זבי<h>
384821	<H>אחרי<h>
384841	<H>אחרי<h>
385147	<H>ב<h>
385148	<H><h>
385149	<H>צחחיים<h>
385217	<H>ו<h>
385218	<H>נשׁוב<h>
385580	<H>ו<h>
385581	<H>יאמר<h>
386387	<H>ו<h>
386388	<H>יאמר<h>
386855	<H>נפושׁסים<h>
387851	<H>את<h>
388157	<H>וחסד<h>
388812	<H>נובי<h>
389542	<H>ידיתון<h>
389833	<H>ו<h>
389834	<H>ענו<h>
389885	<H>ל<h>
389886	<H>מלוכי<h>
389897	<H>ל<h>
389898	<H>עדיא<h>
390473	<H>ראשׁ<h>
391080	<H>אשׁדודיות<h>
391081	<H>עמוניות<h>
391345	<H>לודיים<h>
391761	<H>עיות<h>
391820	<H>עליה<h>
392009	<H>ו<h>
392010	<H>אחיתיהם<h>
392523	<H>ישׁבו<h>
392794	<H>הדיוהו<h>
392899	<H>י<h>
392900	<H>צחר<h>
393112	<H>ו<h>
393113	<H>תולון<h>
393405	<H>ה<h>
393406	<H>מעינים<h>
394178	<H>בנו<h>
394279	<H>ציף<h>
394956	<H>ישׁיב<h>
395125	<H>יעישׁ<h>
395448	<H>ברזות<h>
395479	<H>ו<h>
395480	<H>רוהגה<h>
395481	<H>י<h>
395482	<H>חבה<h>
395794	<H>ו<h>
395795	<H>פניאל<h>
396060	<H>בני<h>
396061	<H>מן<h>
396536	<H>פטירים<h>
396565	<H>יעואל<h>
397212	<H>ה<h>
397213	<H>שׁלושׁים<h>
397317	<H>ו<h>
397318	<H>יתאו<h>
397416	<H>ו<h>
397417	<H>לא<h>
397687	<H>ו<h>
397688	<H>יעואל<h>
397774	<H>ו<h>
397775	<H>יזואל<h>
397817	<H>ה<h>
397818	<H>חריפי<h>
397941	<H>גדיתיו<h>
398013	<H>ה<h>
398014	<H>שׁלושׁים<h>
398764	<H>חירם<h>
398894	<H>פלשׁתיים<h>
399457	<H>מחצצרים<h>
400973	<H>ל<h>
400974	<H>שׁאול<h>
401731	<H>יעור<h>
402635	<H>בנו<h>
403059	<H>שׁלמות<h>
403777	<H>שׁמור<h>
403886	<H>ה<h>
403887	<H>נביאים<h>
404661	<H>ו<h>
404662	<H>שׁלמות<h>
405097	<H>ל<h>
405098	<H><h>
405099	<H>בן<h>
405100	<H>ימיני<h>
405394	<H>שׁטרי<h>
406487	<H>היא<h>
408089	<H>ה<h>
408090	<H>ימיני<h>
408336	<H>חירם<h>
408891	<H>מחצררים<h>
408898	<H>ל<h>
408899	<H><h>
408900	<H>מחצצרים<h>
410162	<H>מחצצרים<h>
410796	<H>ה<h>
410797	<H>נציבים<h>
411005	<H>אוניות<h>
411262	<H>חירם<h>
411708	<H>יעדי<h>
412495	<H>בן<h>
413323	<H>מחצצרים<h>
413421	<H>עפרון<h>
414708	<H>ו<h>
414709	<H>שׁמרימות<h>
415104	<H>מיכהו<h>
415658	<H>ידיך<h>
418817	<H>ב<h>
418818	<H>מחליים<h>
418865	<H>ורב<h>
419322	<H>לך<h>
419636	<H>יכיליה<h>
419712	<H>ה<h>
419713	<H>ערביים<h>
419814	<H>יעואל<h>
420082	<H>ה<h>
420083	<H>חפשׁות<h>
421122	<H>ל<h>
421123	<H>זועה<h>
421231	<H>ו<h>
421232	<H>יעואל<h>
421244	<H>יחואל<h>
421623	<H>מחצצרים<h>
422819	<H>כונניהו<h>
422849	<H>כונניהו<h>
423592	<H>ו<h>
423593	<H>מיציאו<h>
424251	<H>ו<h>
424252	<H>יכן<h>
424557	<H>מזבחותים<h>
424576	<H>ב<h>
424577	<H>הר בתיהם<h>
424685	<H>ו<h>
424686	<H>ישׁבי<h>
425027	<H>תוקהת<h>
425094	<H>ו<h>
425095	<H>יקטירו<h>
425407	<H>ה<h>
425408	<H>מבונים<h>
425446	<H>ו<h>
425447	<H>הכונו<h>
425576	<H>ו<h>
425577	<H>כונניהו<h>
426328	<H>ל<h>
426329	<H>מעול<h>
426393	<H>כשׂדיים<h>
