3897	<QR><H>הַיְצֵ֣א<h><H> <h><qr>
4420	<QR><H>אָהֳלֹֽו<h><H>׃<h><qr>
5645	<QR><H>אָהֳלֹ֑ו<h><H> <h><qr>
5912	<QR><H>אָֽהֳלֹו֙<h><H> <h><qr>
6246	<QR><H>צְבֹויִ֔ם<h><H> <h><qr>
6354	<QR><H>צְבֹויִ֔ם<h><H> <h><qr>
11761	<QR><H>וַ<h><H><h><qr>
11762	<QR><H>יּוּשַׂ֤ם<h><H> <h><qr>
12783	<QR><H>גֹויִם֙<h><H> <h><qr>
13684	<QR><H>צָֽיִד<h><H>׃<h><qr>
14110	<QR><H>וְ<h><H><h><qr>
14111	<QR><H>יִֽשְׁתַּחֲו֤וּ<h><H> <h><qr>
15746	<QR><H>בָּ֣א<h><H> <h><qr>
15747	<QR><H>גָ֑ד<h><H> <h><qr>
18151	<QR><H>צַוָּארָ֖יו<h><H> <h><qr>
19427	<QR><H>אָֽהֳלֹ֔ו<h><H> <h><qr>
19601	<QR><H>יְע֥וּשׁ<h><H> <h><qr>
19769	<QR><H>יְע֥וּשׁ<h><H> <h><qr>
21836	<QR><H>אֲסִירֵ֥י<h><H> <h><qr>
24701	<QR><H>וַ<h><H><h><qr>
24702	<QR><H>יִּֽשְׁתַּחֲוּֽוּ<h><H>׃<h><qr>
27914	<QR><H>שִׁילֹ֔ו<h><H> <h><qr>
27923	<QR><H>עִירֹ֔ו<h><H> <h><qr>
27939	<QR><H>סוּתֹֽו<h><H>׃<h><qr>
30192	<QR><H>מַה<h><H>־<h><qr>
30193	<QR><H>זֶּ֣ה<h><H> <h><qr>
37379	<QR><H>וַ<h><H><h><qr>
37380	<QR><H>יִּלֹּ֜ונוּ<h><H> <h><qr>
37523	<QR><H>תַלִּ֖ינוּ<h><H> <h><qr>
40140	<QR><H>לֹ֥ו<h><H> <h><qr>
40666	<QR><H>בְּעִירֹ֔ו<h><H> <h><qr>
40987	<QR><H>כְסוּתֹו֙<h><H> <h><qr>
43528	<QR><H>וְ<h><H><h><qr>
43529	<QR><H>עַמּוּדָ֣יו<h><H> <h><qr>
44203	<QR><H>מִֽ<h><H><h><qr>
44204	<QR><H>טַּבְּעֹתָ֞יו<h><H> <h><qr>
46879	<QR><H>בְּ<h><H><h><qr>
46880	<QR><H>רֵעֹ֑ו<h><H> <h><qr>
46926	<QR><H>מִ<h><H><h><qr>
46927	<QR><H>יָּדָיו֙<h><H> <h><qr>
48666	<QR><H>בְּרִיחָ֕יו<h><H> <h><qr>
50063	<QR><H>קְצֹותָֽיו<h><H>׃<h><qr>
51145	<QR><H>קְצֹותָ֖יו<h><H> <h><qr>
51662	<QR><H>בְּרִיחָ֖יו<h><H> <h><qr>
57312	<QR><H>יָדָ֛יו<h><H> <h><qr>
58183	<QR><H>לֹ֤ו<h><H> <h><qr>
62666	<QR><H>יָדָ֗יו<h><H> <h><qr>
65030	<QR><H>יִקְרְח֤וּ<h><H> <h><qr>
66152	<QR><H>וְ<h><H><h><qr>
66153	<QR><H>נִסְכֹּ֥ו<h><H> <h><qr>
67707	<QR><H>לֹ֣ו<h><H> <h><qr>
69763	<QR><H>קְרוּאֵ֣י<h><H> <h><qr>
77627	<QR><H>עָנָ֣יו<h><H> <h><qr>
79134	<QR><H>וַ<h><H><h><qr>
79135	<QR><H>יַּלִּ֤ינוּ<h><H> <h><qr>
80269	<QR><H>תַלִּ֖ינוּ<h><H> <h><qr>
83722	<QR><H>וַ<h><H><h><qr>
83723	<QR><H>יֹּ֖ורֶשׁ<h><H> <h><qr>
84904	<QR><H>לְכָה<h><H>־<h><qr>
86066	<QR><H>קְרִיאֵ֣י<h><H> <h><qr>
90013	<QR><H>תְנִיא֔וּן<h><H> <h><qr>
91464	<QR><H>וְ<h><H><h><qr>
91465	<QR><H>הָיוּ֙<h><H> <h><qr>
94390	<QR><H>בָּנָ֖יו<h><H> <h><qr>
96495	<QR><H>מִצְוֹתָֽי<h><H>׃<h><qr>
97633	<QR><H>מִצְוֹתָ֖יו<h><H> <h><qr>
98050	<QR><H>מִצְוֹתָ֖יו<h><H> <h><qr>
101372	<QR><H>הַ<h><H><h><qr>
101373	<QR><H>הִ֖יא<h><H> <h><qr>
104933	<QR><H>שָֽׁפְכוּ֙<h><H> <h><qr>
105541	<QR><H>הַֽ<h><H><h><qr>
105542	<QR><H>נַּעֲרָ֖ה<h><H> <h><qr>
105549	<QR><H>הַֽ<h><H><h><qr>
105550	<QR><H>נַּעֲרָ֛ה<h><H> <h><qr>
105560	<QR><H>הַֽ<h><H><h><qr>
105561	<QR><H>נַּעֲרָ֖ה<h><H> <h><qr>
105656	<QR><H>לַֽ<h><H><h><qr>
105657	<QR><H><h><H><h><qr>
105658	<QR><H>נַּעֲרָֽה<h><H>׃<h><qr>
105662	<QR><H>הַֽ<h><H><h><qr>
105663	<QR><H>נַּעֲרָ֜ה<h><H> <h><qr>
105722	<QR><H>נַעֲרָ֣ה<h><H> <h><qr>
105755	<QR><H>הַֽ<h><H><h><qr>
105756	<QR><H>נַּעֲרָ֗ה<h><H> <h><qr>
105791	<QR><H>הַֽ<h><H><h><qr>
105792	<QR><H>נַּעֲרָה֙<h><H> <h><qr>
105812	<QR><H>וְ<h><H><h><qr>
105813	<QR><H>לַֽ<h><H><h><qr>
105814	<QR><H><h><H><h><qr>
105815	<QR><H>נַּעֲרָה֙<h><H> <h><qr>
105820	<QR><H>לַֽ<h><H><h><qr>
105821	<QR><H><h><H><h><qr>
105822	<QR><H>נַּעֲרָ֖ה<h><H> <h><qr>
105846	<QR><H>הַֽ<h><H><h><qr>
105847	<QR><H>נַּעֲרָה֙<h><H> <h><qr>
105857	<QR><H>נַעֲרָ֤ה<h><H> <h><qr>
105878	<QR><H>הַֽ<h><H><h><qr>
105879	<QR><H>נַּעֲרָ֖ה<h><H> <h><qr>
107857	<QR><H>מִצְוֹתָיו֙<h><H> <h><qr>
108612	<QR><H>וּ<h><H><h><qr>
108613	<QR><H>בַ<h><H><h><qr>
108614	<QR><H><h><H><h><qr>
108615	<QR><H>טְּחֹרִ֔ים<h><H> <h><qr>
108676	<QR><H>יִשְׁכָּבֶ֔נָּה<h><H> <h><qr>
110034	<QR><H>וּ<h><H><h><qr>
110035	<QR><H>צְבֹויִ֔ם<h><H> <h><qr>
111601	<QR><H>בָּ֣מֳתֵי<h><H> <h><qr>
112262	<QR><H>אֵ֥שׁ<h><H> <h><qr>
112263	<QR><H>דָּ֖ת<h><H> <h><qr>
112364	<QR><H>בָּנָ֖יו<h><H> <h><qr>
113664	<QR><H>אַחְיֹותַ֔י<h><H> <h><qr>
114012	<QR><H>וּ<h><H><h><qr>
114013	<QR><H>בֵינָ֔יו<h><H> <h><qr>
114324	<QR><H>מֵֽ<h><H><h><qr>
114325	<QR><H>אָדָ֤ם<h><H> <h><qr>
114776	<QR><H>כַּ<h><H><h><qr>
114777	<QR><H>עֲלֹ֨ות<h><H> <h><qr>
114971	<QR><H>עָבְרָ֑ם<h><H> <h><qr>
115440	<QR><H>כְּ<h><H><h><qr>
115441	<QR><H>שָׁמְעֲכֶם֙<h><H> <h><qr>
115491	<QR><H>וַ<h><H><h><qr>
115492	<QR><H>יֹּ֨אמֶר֙<h><H> <h><qr>
115550	<QR><H>תֹּקְעֵ֖י<h><H> <h><qr>
115659	<QR><H>הָלֹ֖וךְ<h><H> <h><qr>
116601	<QR><H>וָ<h><H><h><qr>
116602	<QR><H>אֵ֣רֶא<h><H> <h><qr>
117078	<QR><H>בֵּינָ֥יו<h><H> <h><qr>
117201	<QR><H>בָּ<h><H><h><qr>
117202	<QR><H><h><H><h><qr>
117203	<QR><H>עַ֔י<h><H> <h><qr>
117878	<QR><H>וַ<h><H><h><qr>
117879	<QR><H>יֹּ֥אמֶר<h><H> <h><qr>
117892	<QR><H>אֶֽכְרָת<h><H>־<h><qr>
121455	<QR><H>וְ<h><H><h><qr>
121456	<QR><H>הָי֛וּ<h><H> <h><qr>
122032	<QR><H>הַ<h><H><h><qr>
122033	<QR><H>גָּדֹ֖ול<h><H> <h><qr>
122073	<QR><H>וְ<h><H><h><qr>
122074	<QR><H>יָנ֥וּם<h><H> <h><qr>
122161	<QR><H>יָכְל֥וּ<h><H> <h><qr>
122231	<QR><H>תֹצְאֹתָ֖יו<h><H> <h><qr>
123138	<QR><H>וְ<h><H><h><qr>
123139	<QR><H>הָיוּ֙<h><H> <h><qr>
123188	<QR><H>וְ<h><H><h><qr>
123189	<QR><H>הָי֣וּ<h><H> <h><qr>
123288	<QR><H>וְ<h><H><h><qr>
123289	<QR><H>הָי֣וּ<h><H> ׀ <h><qr>
123290	<QR><H>תֹּצְאֹ֣ות<h><H> <h><qr>
123356	<QR><H>הָֽ<h><H><h><qr>
123357	<QR><H>עַמֹּנָ֛ה<h><H> <h><qr>
123685	<QR><H>וְ<h><H><h><qr>
123686	<QR><H>שַׁחֲצִ֨ימָה֙<h><H> <h><qr>
123799	<QR><H>וְ<h><H><h><qr>
123800	<QR><H>הָי֧וּ<h><H> <h><qr>
124347	<QR><H>גֹּולָ֥ן<h><H> <h><qr>
124906	<QR><H>גֹּולָ֤ן<h><H> <h><qr>
125395	<QR><H>בְּ<h><H><h><qr>
125396	<QR><H>עֵ֥בֶר<h><H> <h><qr>
126707	<QR><H>וָ<h><H><h><qr>
126708	<QR><H>אַרְבֶּה֙<h><H> <h><qr>
126818	<QR><H>וָ<h><H><h><qr>
126819	<QR><H>אָבִ֣יא<h><H> <h><qr>
127024	<QR><H>מֵ<h><H><h><qr>
127025	<QR><H>עֵ֣בֶר<h><H> <h><qr>
128003	<QR><H>יֹשְׁבֵ֨י<h><H> <h><qr>
129625	<QR><H>בְּ<h><H><h><qr>
129626	<QR><H>צַעֲנַנִּ֖ים<h><H> <h><qr>
130510	<QR><H>וּ<h><H><h><qr>
130511	<QR><H>בָ֤אוּ<h><H> <h><qr>
131762	<QR><H>צְלִ֜יל<h><H> <h><qr>
132004	<QR><H>וַ<h><H><h><qr>
132005	<QR><H>יָּנֽוּסוּ<h><H>׃<h><qr>
133053	<QR><H>מָלְכָ֥ה<h><H> <h><qr>
133118	<QR><H>מָלְכִ֥י<h><H> <h><qr>
135314	<QR><H>וְ<h><H><h><qr>
135315	<QR><H>רֵעֹותָֽי<h><H>׃<h><qr>
136074	<QR><H>דְבָרְךָ֖<h><H> <h><qr>
137645	<QR><H>לִ֖י<h><H> <h><qr>
137732	<QR><H>הָ<h><H><h><qr>
137733	<QR><H>אֲסוּרִֽים<h><H>׃<h><qr>
137794	<QR><H>כְּ<h><H><h><qr>
137795	<QR><H>טֹ֣וב<h><H> <h><qr>
137811	<QR><H>הָ<h><H><h><qr>
137812	<QR><H>אֲסוּרִ֗ים<h><H> <h><qr>
137835	<QR><H>וַ<h><H><h><qr>
137836	<QR><H>הֲמִשֵׁ֨נִי֙<h><H> <h><qr>
138021	<QR><H>וְ<h><H><h><qr>
138022	<QR><H>אַ֤תְּ<h><H> <h><qr>
139141	<QR><H>לַ<h><H><h><qr>
139142	<QR><H>הֲשִׁיבָ֔הּ<h><H> <h><qr>
139399	<QR><H>לְכָ֥ה<h><H> <h><qr>
139597	<QR><H>וַ<h><H><h><qr>
139598	<QR><H>יָּ֖בָל<h><H> <h><qr>
139748	<QR><H>כַּ<h><H><h><qr>
139749	<QR><H>עֲלֹ֥ות<h><H> <h><qr>
140161	<QR><H>בְּנֵ֣י<h><H> <h><qr>
140162	<QR><H>בִנְיָמִ֔ן<h><H> <h><qr>
141393	<QR><H>וַ<h><H><h><qr>
141394	<QR><H>יְצַוּ֕וּ<h><H> <h><qr>
141443	<QR><H>לָ<h><H><h><qr>
141444	<QR><H>רִ֣יב<h><H> ׀ <h><qr>
142158	<QR><H>וְ<h><H><h><qr>
142159	<QR><H>לֹ֥ו<h><H> <h><qr>
142226	<QR><H>חֲסִידָיו֙<h><H> <h><qr>
142242	<QR><H>מְרִיבָ֗יו<h><H> <h><qr>
142243	<QR><H>עָלָיו֙<h><H> <h><qr>
142409	<QR><H>לֹא֙<h><H> <h><qr>
142901	<QR><H>וְ<h><H><h><qr>
142902	<QR><H>עֵינָיו֙<h><H> <h><qr>
143221	<QR><H>בְּ<h><H><h><qr>
143222	<QR><H>עֵינָ֖יו<h><H> <h><qr>
143577	<QR><H>יַ֥ד<h><H> <h><qr>
143943	<QR><H>בַּ<h><H><h><qr>
143944	<QR><H><h><H><h><qr>
143945	<QR><H>טְּחֹרִ֔ים<h><H> <h><qr>
144032	<QR><H>טְחֹרִֽים<h><H>׃<h><qr>
144112	<QR><H>בַּ<h><H><h><qr>
144113	<QR><H><h><H><h><qr>
144114	<QR><H>טְּחֹרִ֑ים<h><H> <h><qr>
144195	<QR><H>טְחֹרֵ֣י<h><H> <h><qr>
144212	<QR><H>טְחֹרֵיכֶ֜ם<h><H> <h><qr>
144884	<QR><H>וַ<h><H><h><qr>
144885	<QR><H>יַּעֲלֵ֧הוּ<h><H> <h><qr>
145118	<QR><H>בִּ<h><H><h><qr>
145119	<QR><H>דְרָכָ֔יו<h><H> <h><qr>
145487	<QR><H>מִ<h><H><h><qr>
145488	<QR><H>בִּנְיָמִ֗ין<h><H> <h><qr>
146160	<QR><H>הַ<h><H><h><qr>
146161	<QR><H>גָּ֣גָה<h><H> <h><qr>
146383	<QR><H>תָבֹ֛אנָה<h><H> <h><qr>
146688	<QR><H>לְ<h><H><h><qr>
146689	<QR><H>מִשְׁפְּחֹתָ֔יו<h><H> <h><qr>
146964	<QR><H>כְּ<h><H><h><qr>
146965	<QR><H>שָׁמְעֹ֖ו<h><H> <h><qr>
147050	<QR><H>כְּ<h><H><h><qr>
147051	<QR><H>חֹ֣ם<h><H> <h><qr>
147433	<QR><H>וַ<h><H><h><qr>
147434	<QR><H>יֹּאמְר֣וּ<h><H> <h><qr>
147973	<QR><H>וַ<h><H><h><qr>
147974	<QR><H>יֹּ֣וחֶל<h><H> ׀ <h><qr>
148217	<QR><H>אָמְר֣וּ<h><H> <h><qr>
148948	<QR><H>וַ<h><H><h><qr>
148949	<QR><H>תָּאֹ֖רְנָה<h><H> <h><qr>
149038	<QR><H>וַ<h><H><h><qr>
149039	<QR><H>יַּ֤עַט<h><H> <h><qr>
149043	<QR><H>הַ<h><H><h><qr>
149044	<QR><H>שָּׁלָ֔ל<h><H> <h><qr>
149891	<QR><H>וַ<h><H><h><qr>
149892	<QR><H>יֹּ֥אמֶר<h><H> <h><qr>
150890	<QR><H>וְ<h><H><h><qr>
150891	<QR><H>עֵ֣ץ<h><H> <h><qr>
151252	<QR><H>מִ<h><H><h><qr>
151253	<QR><H>מַּעַרְכֹ֣ות<h><H> <h><qr>
152173	<QR><H>וַ<h><H><h><qr>
152174	<QR><H>יֶּאֱהָבֵ֥הוּ<h><H> <h><qr>
152276	<QR><H>לָ<h><H><h><qr>
152277	<QR><H>שִׁ֣יר<h><H> <h><qr>
152303	<QR><H>בַּ<h><H><h><qr>
152304	<QR><H>אֲלָפָ֔יו<h><H> <h><qr>
152342	<QR><H>עֹויֵ֣ן<h><H> <h><qr>
152444	<QR><H>דְּרָכָ֖יו<h><H> <h><qr>
152599	<QR><H>עֲבָדָ֗יו<h><H> <h><qr>
153247	<QR><H>בְּ<h><H><h><qr>
153248	<QR><H>נָֽיֹות<h><H>׃<h><qr>
153257	<QR><H>בְּ<h><H><h><qr>
153258	<QR><H>נָיֹ֖ות<h><H> <h><qr>
153343	<QR><H>בְּ<h><H><h><qr>
153344	<QR><H>נָיֹ֥ות<h><H> <h><qr>
153352	<QR><H>נָיֹ֖ות<h><H> <h><qr>
153370	<QR><H>בְּ<h><H><h><qr>
153371	<QR><H>נָיֹ֥ות<h><H> <h><qr>
153411	<QR><H>מִ<h><H><h><qr>
153412	<QR><H>נָּיֹ֖ות<h><H> <h><qr>
153444	<QR><H>לֹֽא<h><H>־<h><qr>
153445	<QR><H>יַעֲשֶׂ֨ה<h><H> <h><qr>
153924	<QR><H>אֶל<h><H>־<h><qr>
154255	<QR><H>הַ֣<h><H><h><qr>
154256	<QR><H>חִצִּ֔ים<h><H> <h><qr>
154671	<QR><H>בַּ<h><H><h><qr>
154672	<QR><H>אֲלָפָ֔יו<h><H> <h><qr>
154675	<QR><H>בְּ<h><H><h><qr>
154676	<QR><H>רִבְבֹתָֽיו<h><H>׃<h><qr>
154705	<QR><H>וַ<h><H><h><qr>
154706	<QR><H>יְתָיו֙<h><H> <h><qr>
155038	<QR><H>אֵלָיו֙<h><H> <h><qr>
155099	<QR><H>לִ<h><H><h><qr>
155100	<QR><H>שְׁאָל<h><H>־<h><qr>
155170	<QR><H>אָזְנִ֑י<h><H> <h><qr>
155190	<QR><H>לְ<h><H><h><qr>
155191	<QR><H>דֹואֵ֔ג<h><H> <h><qr>
155201	<QR><H>דֹּואֵ֣ג<h><H> <h><qr>
155292	<QR><H>דֹּואֵ֣ג<h><H> <h><qr>
155416	<QR><H>וַ<h><H><h><qr>
155417	<QR><H>אֲנָשָׁ֨יו<h><H> <h><qr>
156059	<QR><H>אֹֽיִבְךָ֙<h><H> <h><qr>
156163	<QR><H>מֵֽ<h><H><h><qr>
156164	<QR><H>הַ<h><H><h><qr>
156165	<QR><H>מְּעָרָ֔ה<h><H> <h><qr>
156387	<QR><H>וְ<h><H><h><qr>
156388	<QR><H>אַתָּה֙<h><H> <h><qr>
156561	<QR><H>כָלִבִּֽי<h><H>׃<h><qr>
156881	<QR><H>אֲבִיגַ֡יִל<h><H> <h><qr>
156893	<QR><H>עֲשׂוּיֹות֙<h><H> <h><qr>
157292	<QR><H>וַ<h><H><h><qr>
157293	<QR><H>תָּבֹאת֙<h><H> <h><qr>
157672	<QR><H>סְבִיבֹתָֽיו<h><H>׃<h><qr>
157728	<QR><H>מְרַאֲשֹׁתָ֑יו<h><H> <h><qr>
157735	<QR><H>סְבִיבֹתָֽיו<h><H>׃<h><qr>
157821	<QR><H>מְרַאֲשֹׁתָ֛יו<h><H> <h><qr>
157976	<QR><H>מְרַאֲשֹׁתָֽיו<h><H>׃<h><qr>
158115	<QR><H>חֲנִ֣ית<h><H> <h><qr>
158292	<QR><H>יָסַ֥ף<h><H> <h><qr>
158374	<QR><H>וְ<h><H><h><qr>
158375	<QR><H>הַ<h><H><h><qr>
158376	<QR><H>גִּזְרִ֖י<h><H> <h><qr>
158685	<QR><H>קָֽסֳמִי<h><H>־<h><qr>
159273	<QR><H>בְּ<h><H><h><qr>
159274	<QR><H>רִבְבֹתָֽיו<h><H>׃<h><qr>
159563	<QR><H>בָּנָ֣יו<h><H> <h><qr>
160632	<QR><H>וָ<h><H><h><qr>
160633	<QR><H>אֹמַ֣ר<h><H> <h><qr>
160686	<QR><H>בִּ<h><H><h><qr>
160687	<QR><H>בְגָדָ֖יו<h><H> <h><qr>
160781	<QR><H>דָּמְךָ֖<h><H> <h><qr>
161461	<QR><H>תַּחְתָּ֑יו<h><H> <h><qr>
161708	<QR><H>וַ<h><H><h><qr>
161709	<QR><H>יִּוָּלְד֧וּ<h><H> <h><qr>
161726	<QR><H>לַ<h><H><h><qr>
161727	<QR><H>אֲבִיגַ֕יִל<h><H> <h><qr>
161912	<QR><H>תַּחְתָּ֥יו<h><H> <h><qr>
162002	<QR><H>לָֽיִשׁ<h><H>׃<h><qr>
162248	<QR><H>מֹ֣ובָאֶ֔ךָ<h><H> <h><qr>
162954	<QR><H>הָיִ֛יתָ<h><H> <h><qr>
162955	<QR><H>הַ<h><H><h><qr>
162956	<QR><H>מֹּוצִ֥יא<h><H> <h><qr>
162957	<QR><H>וְ<h><H><h><qr>
162958	<QR><H>הַ<h><H><h><qr>
162959	<QR><H>מֵּבִ֖יא<h><H> <h><qr>
163109	<QR><H>שְׂנֻאֵ֖י<h><H> <h><qr>
163379	<QR><H>כְּֽ<h><H><h><qr>
163380	<QR><H>שָׁמְעֲךָ֞<h><H> <h><qr>
164660	<QR><H>פְּרָֽת<h><H>׃<h><qr>
165485	<QR><H>יִשְׂרָאֵ֔ל<h><H> <h><qr>
166255	<QR><H>וַ<h><H><h><qr>
166256	<QR><H>יֹּר֨וּ<h><H> <h><qr>
166257	<QR><H>הַ<h><H><h><qr>
166258	<QR><H>מֹּורִ֤ים<h><H> <h><qr>
166573	<QR><H>בְּ<h><H><h><qr>
166574	<QR><H>עֵינַי֒<h><H> <h><qr>
166851	<QR><H>שִׂמְלֹתָ֔יו<h><H> <h><qr>
166913	<QR><H>וְ<h><H><h><qr>
166914	<QR><H>חַנַּ֥נִי<h><H> <h><qr>
166955	<QR><H>וַ<h><H><h><qr>
166956	<QR><H>תִּקְרָ֤א<h><H> <h><qr>
167099	<QR><H>בַּ<h><H><h><qr>
167100	<QR><H><h><H><h><qr>
167101	<QR><H>מַּלְבֵּ֔ן<h><H> <h><qr>
167308	<QR><H>וַ<h><H><h><qr>
167309	<QR><H>תָּ֨לָשׁ֙<h><H> <h><qr>
167914	<QR><H>עֵינָ֔יו<h><H> <h><qr>
167981	<QR><H>עַמִּיה֖וּד<h><H> <h><qr>
168180	<QR><H>שִׂים<h><H>־<h><qr>
168255	<QR><H>מֵ<h><H><h><qr>
168256	<QR><H>הַרְבַּ֞ת<h><H> <h><qr>
168604	<QR><H>עַבְדֶּֽךָ<h><H>׃<h><qr>
168762	<QR><H>וְ<h><H><h><qr>
168763	<QR><H>הַצִּית֣וּהָ<h><H> <h><qr>
169059	<QR><H>יָשֹׁ֨וב<h><H> <h><qr>
169324	<QR><H>אֲנִֽיעֲךָ֤<h><H> <h><qr>
169536	<QR><H>בְּ<h><H><h><qr>
169537	<QR><H>עַֽרְבֹ֖ות<h><H> <h><qr>
169793	<QR><H>וְ<h><H><h><qr>
169794	<QR><H>הַ<h><H><h><qr>
169795	<QR><H>לֶּ֤חֶם<h><H> <h><qr>
169942	<QR><H>תַּחְתָּ֔יו<h><H> <h><qr>
169997	<QR><H>כֹּ֣ה<h><H> <h><qr>
169999	<QR><H>כִּ֤י<h><H> <h><qr>
170048	<QR><H>בְּ<h><H><h><qr>
170049	<QR><H>עֵינִ֑י<h><H> <h><qr>
170176	<QR><H>לֹ֥ו<h><H> <h><qr>
170274	<QR><H>אִ֖ישׁ<h><H> <h><qr>
170551	<QR><H>בְּ<h><H><h><qr>
170552	<QR><H>אַחַ֤ד<h><H> <h><qr>
171140	<QR><H>לַ<h><H><h><qr>
171141	<QR><H>עְזֹֽור<h><H>׃<h><qr>
171251	<QR><H>נָפֹ֖וצֶת<h><H> <h><qr>
171372	<QR><H>וְ<h><H><h><qr>
171373	<QR><H>ל֨וּ<h><H> <h><qr>
171411	<QR><H>בְ<h><H><h><qr>
171412	<QR><H>נַפְשִׁי֙<h><H> <h><qr>
171512	<QR><H>לְ<h><H><h><qr>
171513	<QR><H>אֹהָלָֽיו<h><H>׃<h><qr>
171520	<QR><H>בְ<h><H><h><qr>
171521	<QR><H>חַיָּיו֙<h><H> <h><qr>
171598	<QR><H>עַל<h><H>־<h><qr>
171599	<QR><H>כֵּ֥ן<h><H> <h><qr>
172094	<QR><H>ל֣וּ<h><H> <h><qr>
172430	<QR><H>בְּ<h><H><h><qr>
172431	<QR><H>עֵינָ֑יו<h><H> <h><qr>
172757	<QR><H>הַ<h><H><h><qr>
172758	<QR><H>יַּרְדֵּֽן<h><H>׃<h><qr>
172963	<QR><H>הֶעֱבִ֣ירוּ<h><H> <h><qr>
173204	<QR><H>וַ<h><H><h><qr>
173205	<QR><H>יֹּ֕וחֶר<h><H> <h><qr>
173284	<QR><H>וְ<h><H><h><qr>
173285	<QR><H>עָלָ֞יו<h><H> <h><qr>
173448	<QR><H>וַ<h><H><h><qr>
173449	<QR><H>יִּקָּ֣הֲל֔וּ<h><H> <h><qr>
173674	<QR><H>הַ<h><H><h><qr>
173675	<QR><H>כְּרֵתִ֖י<h><H> <h><qr>
173691	<QR><H>וּ<h><H><h><qr>
173692	<QR><H>שְׁוָ֖א<h><H> <h><qr>
173806	<QR><H>לָ֜נוּ<h><H> <h><qr>
173850	<QR><H>יֻתַּן<h><H>־<h><qr>
173943	<QR><H>שְׁבַעְתָּ֖ם<h><H> <h><qr>
173945	<QR><H>וְ<h><H><h><qr>
173946	<QR><H>הֵ֨מָּה<h><H> <h><qr>
173954	<QR><H>בִּ<h><H><h><qr>
173955	<QR><H>תְחִלַּ֖ת<h><H> <h><qr>
174035	<QR><H>תְּלָא֥וּם<h><H> <h><qr>
174036	<QR><H>שָׁ֨מָּה֙<h><H> <h><qr>
174037	<QR><H>פְּלִשְׁתִּ֔ים<h><H> <h><qr>
174119	<QR><H>וְ<h><H><h><qr>
174120	<QR><H>יִשְׁבִּ֨י<h><H> <h><qr>
174240	<QR><H>מָדֹ֗ון<h><H> <h><qr>
174269	<QR><H>שִׁמְעָ֖ה<h><H> <h><qr>
174377	<QR><H>וַ<h><H><h><qr>
174378	<QR><H>יִּתְגָּעַ֤שׁ<h><H> <h><qr>
174453	<QR><H>וַ<h><H><h><qr>
174454	<QR><H>יָּהֹֽם<h><H>׃<h><qr>
174525	<QR><H>מִשְׁפָּטָ֖יו<h><H> <h><qr>
174625	<QR><H>דַּרְכִּֽי<h><H>׃<h><qr>
174627	<QR><H>רַגְלַ֖י<h><H> <h><qr>
174788	<QR><H>מִגְדֹּ֖ול<h><H> <h><qr>
174937	<QR><H>הָֽ<h><H><h><qr>
174938	<QR><H>עֶצְנִ֔י<h><H> <h><qr>
174945	<QR><H>אֶחָֽת<h><H>׃<h><qr>
174946	<QR><H>וְ<h><H><h><qr>
174947	<QR><H>אַחֲרָ֛יו<h><H> <h><qr>
174950	<QR><H>דֹּדֹ֖ו<h><H> <h><qr>
174955	<QR><H>הַ<h><H><h><qr>
174956	<QR><H>גִּבֹּרִ֜ים<h><H> <h><qr>
175054	<QR><H>שְׁלֹשָׁ֜ה<h><H> <h><qr>
175169	<QR><H>הַ<h><H><h><qr>
175170	<QR><H>שְּׁלֹשָׁ֔ה<h><H> <h><qr>
175209	<QR><H>חַ֛יִל<h><H> <h><qr>
175226	<QR><H>הָ<h><H><h><qr>
175227	<QR><H>אֲרִ֛י<h><H> <h><qr>
175242	<QR><H>אִ֣ישׁ<h><H> <h><qr>
175381	<QR><H>חֶצְרַי֙<h><H> <h><qr>
175401	<QR><H>נֹשֵׂ֕א<h><H> <h><qr>
175769	<QR><H>רַֽחֲמָ֔יו<h><H> <h><qr>
175837	<QR><H>הָ<h><H><h><qr>
175838	<QR><H>אֲרַ֥וְנָה<h><H> <h><qr>
175898	<QR><H>אֲרַ֥וְנָה<h><H> <h><qr>
175980	<QR><H>בְּ<h><H><h><qr>
175981	<QR><H>עֵינָ֑יו<h><H> <h><qr>
176653	<QR><H>עַבְדְּךָ֔<h><H> <h><qr>
176877	<QR><H>יִֽהְיֶ֣ה<h><H> <h><qr>
177122	<QR><H>אֱלֹהִ֜ים<h><H> <h><qr>
177814	<QR><H>וַ<h><H><h><qr>
177815	<QR><H>יֹּֽושִׁיבַ֨נִי֙<h><H> <h><qr>
179169	<QR><H>הָ<h><H><h><qr>
179170	<QR><H>אֶחָ֖ד<h><H> <h><qr>
179709	<QR><H>רַגְלָֽי<h><H>׃<h><qr>
180158	<QR><H>יָצִ֨יעַ֙<h><H> <h><qr>
180176	<QR><H>הַ<h><H><h><qr>
180177	<QR><H>יָּצִ֨יעַ<h><H> <h><qr>
180286	<QR><H>הַ<h><H><h><qr>
180287	<QR><H>יָּצִ֨יעַ֙<h><H> <h><qr>
180401	<QR><H>מִֽ<h><H><h><qr>
180402	<QR><H>יַּרְכְּתֵ֤י<h><H> <h><qr>
180507	<QR><H>בְּ<h><H><h><qr>
180508	<QR><H>רַתּוּקֹ֤ות<h><H> <h><qr>
180838	<QR><H>מִשְׁפָּטָ֑יו<h><H> <h><qr>
181286	<QR><H>הַ<h><H><h><qr>
181287	<QR><H>שְּׂבָכָ֑ה<h><H> <h><qr>
181366	<QR><H>וְ<h><H><h><qr>
181367	<QR><H>קָו֙<h><H> <h><qr>
181666	<QR><H>מִסְגְּרֹתֶ֔יהָ<h><H> <h><qr>
181892	<QR><H>הָ<h><H><h><qr>
181893	<QR><H>אֵ֔לֶּה<h><H> <h><qr>
182634	<QR><H>דְּבָ֣רְךָ֔<h><H> <h><qr>
183225	<QR><H>בָּנִ֥יתִי<h><H> <h><qr>
183902	<QR><H>וַ<h><H><h><qr>
183903	<QR><H>יִּשְׁתַּחֲו֥וּ<h><H> <h><qr>
184102	<QR><H>תַּדְמֹ֥ר<h><H> <h><qr>
184429	<QR><H>מְשָׁרְתָ֜יו<h><H> <h><qr>
185982	<QR><H>וַ<h><H><h><qr>
185983	<QR><H>יָּבֹ֥א<h><H> <h><qr>
186063	<QR><H>וַ<h><H><h><qr>
186064	<QR><H>יְדַבְּרוּ֙<h><H> <h><qr>
186206	<QR><H>וַ<h><H><h><qr>
186207	<QR><H>יָּבֹ֨וא<h><H> <h><qr>
186442	<QR><H>וַ<h><H><h><qr>
186443	<QR><H>יָּבֹ֣א<h><H> <h><qr>
186757	<QR><H>מִ<h><H><h><qr>
186758	<QR><H>לִּבֹּ֑ו<h><H> <h><qr>
187661	<QR><H>אַ֖תְּ<h><H> <h><qr>
188236	<QR><H>שִׁישַׁ֥ק<h><H> <h><qr>
188606	<QR><H>וְ<h><H><h><qr>
188607	<QR><H>קָדְשֵׁ֖י<h><H> <h><qr>
188669	<QR><H>הַ<h><H><h><qr>
188670	<QR><H>מֶּ֔לֶךְ<h><H> <h><qr>
189457	<QR><H>חַטֹּאתָיו֙<h><H> <h><qr>
189622	<QR><H>וּ<h><H><h><qr>
189623	<QR><H>בְ<h><H><h><qr>
189624	<QR><H>חַטָּאתֹ֔ו<h><H> <h><qr>
189798	<QR><H>וּ<h><H><h><qr>
189799	<QR><H>בִ<h><H><h><qr>
189800	<QR><H>שְׂג֤וּב<h><H> <h><qr>
190105	<QR><H>תֵּת<h><H>־<h><qr>
190121	<QR><H>הִֽיא<h><H>־<h><qr>
190122	<QR><H>וָ<h><H><h><qr>
190123	<QR><H>ה֛וּא<h><H> <h><qr>
191161	<QR><H>וּ<h><H><h><qr>
191162	<QR><H>בִ<h><H><h><qr>
191163	<QR><H>דְבָרְךָ֣<h><H> <h><qr>
191300	<QR><H>בִּרְכָּֽיו<h><H>׃<h><qr>
191476	<QR><H>אֶחָ֑ד<h><H> <h><qr>
192939	<QR><H>מֵ<h><H><h><qr>
192940	<QR><H>עֲלֵ֖י<h><H> <h><qr>
193183	<QR><H>סְפָרִ֗ים<h><H> <h><qr>
193467	<QR><H>מֵבִ֤יא<h><H> <h><qr>
193638	<QR><H>אָבִ֤יא<h><H> <h><qr>
193929	<QR><H>דְבָרְךָ֗<h><H> <h><qr>
194644	<QR><H>עָשָׂה֩<h><H> <h><qr>
194657	<QR><H>נִשְׁבְּר֥וּ<h><H> <h><qr>
195654	<QR><H>הַ<h><H><h><qr>
195655	<QR><H>גֵּאָיֹ֑ות<h><H> <h><qr>
196359	<QR><H>וַ<h><H><h><qr>
196360	<QR><H>יַּכּוּ<h><H>־<h><qr>
196504	<QR><H>לָ֖ךְ<h><H> <h><qr>
196533	<QR><H>שְׁכֵנָ֑יִךְ<h><H> <h><qr>
196577	<QR><H>מֹוצָֽקֶת<h><H>׃<h><qr>
196620	<QR><H>נִשְׁיֵ֑ךְ<h><H> <h><qr>
196623	<QR><H>וּ<h><H><h><qr>
196624	<QR><H>בָנַ֔יִךְ<h><H> <h><qr>
196808	<QR><H>אַ֖תְּ<h><H> <h><qr>
196928	<QR><H>אַ֣תְּ<h><H> <h><qr>
196929	<QR><H>הֹלֶ֤כֶת<h><H> <h><qr>
197192	<QR><H>כַּפָּ֔יו<h><H> <h><qr>
197671	<QR><H>בְּ<h><H><h><qr>
197672	<QR><H>סוּסָ֣יו<h><H> <h><qr>
197737	<QR><H>אֲמָנָ֨ה<h><H> <h><qr>
197922	<QR><H>יִסְלַח<h><H> <h><qr>
198091	<QR><H>מֵ<h><H><h><qr>
198092	<QR><H>אַ֖יִן<h><H> <h><qr>
198333	<QR><H>וְ<h><H><h><qr>
198334	<QR><H>הִזְהִירֹ֖ו<h><H> <h><qr>
198695	<QR><H>דִּבְיֹונִ֖ים<h><H> <h><qr>
199281	<QR><H>בַ<h><H><h><qr>
199282	<QR><H><h><H><h><qr>
199283	<QR><H>שָּׂדֶה֙<h><H> <h><qr>
199321	<QR><H>הֲמֹ֤ון<h><H> <h><qr>
199372	<QR><H>בְּ<h><H><h><qr>
199373	<QR><H>חָפְזָ֑ם<h><H> <h><qr>
199536	<QR><H>אַ֣תְּ<h><H> <h><qr>
199806	<QR><H>לֹ֖ו<h><H> <h><qr>
199962	<QR><H>שָׁנִ֔ים<h><H> <h><qr>
200593	<QR><H>לְ<h><H><h><qr>
200594	<QR><H>הַגִּ֥יד<h><H> <h><qr>
200835	<QR><H>שָֽׁלִשֹׁ֔ו<h><H> <h><qr>
201012	<QR><H>שִׁמְט֖וּהָ<h><H> <h><qr>
201097	<QR><H>וְֽ<h><H><h><qr>
201098	<QR><H>הָיְתָ֞ה<h><H> <h><qr>
201809	<QR><H>לְ<h><H><h><qr>
201810	<QR><H>מֹֽוצָאֹ֖ות<h><H> <h><qr>
202004	<QR><H>רָאֲתָ֖ה<h><H> <h><qr>
202038	<QR><H>הַ<h><H><h><qr>
202039	<QR><H>מּ֣וּמָתִ֔ים<h><H> <h><qr>
202083	<QR><H>הַ<h><H><h><qr>
202084	<QR><H>מֵּאֹ֗ות<h><H> <h><qr>
202207	<QR><H>הַ<h><H><h><qr>
202208	<QR><H>מֵּאֹ֗ות<h><H> <h><qr>
202240	<QR><H>הַ<h><H><h><qr>
202241	<QR><H>מֵּאֹ֗ות<h><H> <h><qr>
202383	<QR><H>הַ<h><H><h><qr>
202384	<QR><H>מֵּאֹ֣ות<h><H> ׀ <h><qr>
202473	<QR><H>מִזְבְּחֹתָ֤יו<h><H> <h><qr>
202559	<QR><H>הַ<h><H><h><qr>
202560	<QR><H>מֶּֽלֶךְ<h><H>׃<h><qr>
202763	<QR><H>מִ<h><H><h><qr>
202764	<QR><H>יָּמִ֗ין<h><H> <h><qr>
202826	<QR><H>יְדֵי֙<h><H> <h><qr>
202830	<QR><H>הַ<h><H><h><qr>
202831	<QR><H>מֻּפְקָדִ֖ים<h><H> <h><qr>
203194	<QR><H>הֶחֱטִ֥יא<h><H> <h><qr>
203662	<QR><H>יְהֹֽועַדָּ֖ן<h><H> <h><qr>
203752	<QR><H>יוּמָֽת<h><H>׃<h><qr>
203759	<QR><H>מֶ֨לַח֙<h><H> <h><qr>
203899	<QR><H>לְ<h><H><h><qr>
203900	<QR><H>אֹהָלָֽיו<h><H>׃<h><qr>
203916	<QR><H>וַ<h><H><h><qr>
203917	<QR><H>יָּבֹא֙<h><H> <h><qr>
204757	<QR><H>הַ<h><H><h><qr>
204758	<QR><H>מֶּ֨לֶךְ֙<h><H> <h><qr>
205167	<QR><H>וַֽ<h><H><h><qr>
205168	<QR><H>אֲדֹמִים֙<h><H> <h><qr>
205400	<QR><H>וַ<h><H><h><qr>
205401	<QR><H>יְצַוֶּ֣ה<h><H> <h><qr>
205489	<QR><H>אֶת<h><H>־<h><qr>
205513	<QR><H>מוּסַ֨ךְ<h><H> <h><qr>
205826	<QR><H>נְבִיאֵ֨י<h><H> <h><qr>
205922	<QR><H>שְׁנֵ֣י<h><H> <h><qr>
206030	<QR><H>וַ<h><H><h><qr>
206031	<QR><H>יַּדַּ֨ח<h><H> <h><qr>
206294	<QR><H>אֱלֹהֵ֥י<h><H> <h><qr>
206295	<QR><H>סְפַרְוָֽיִם<h><H>׃<h><qr>
207179	<QR><H>צֹואָתָ֗ם<h><H> <h><qr>
207184	<QR><H>מֵֽימֵי<h><H> <h><qr>
207185	<QR><H>רַגְלֵיהֶ֖ם<h><H> <h><qr>
207878	<QR><H>בְּ<h><H><h><qr>
207879	<QR><H>רֹ֥ב<h><H> <h><qr>
207896	<QR><H>קִצֹּ֔ו<h><H> <h><qr>
208051	<QR><H>צְבָ֖אֹות<h><H> <h><qr>
208168	<QR><H>בָּנָיו֙<h><H> <h><qr>
208259	<QR><H>חָצֵ֖ר<h><H> <h><qr>
208464	<QR><H>נְכֹתֹ֡ו<h><H> <h><qr>
208600	<QR><H>יִקָּ֑חוּ<h><H> <h><qr>
208946	<QR><H>שֹׁ֣מְעָ֔הּ<h><H> <h><qr>
209319	<QR><H>וְ<h><H><h><qr>
209320	<QR><H>יִתְּנֻ֗הוּ<h><H> <h><qr>
209328	<QR><H>בֵּ֣ית<h><H> <h><qr>
210106	<QR><H>בֶן<h><H>־<h><qr>
210770	<QR><H>מִ<h><H><h><qr>
210771	<QR><H>מְּלֹ֖ךְ<h><H> <h><qr>
210873	<QR><H>זְבוּדָּ֥ה<h><H> <h><qr>
211076	<QR><H>עָל֗וּ<h><H> <h><qr>
211177	<QR><H>עֲשֶׂ֤רֶת<h><H> <h><qr>
211214	<QR><H>אֵילֵ֣י<h><H> <h><qr>
211279	<QR><H>חֲמוּטַ֥ל<h><H> <h><qr>
211700	<QR><H>אַמֹּות֒<h><H> <h><qr>
213126	<QR><H>מַּה<h><H>־<h><qr>
213127	<QR><H>לָּכֶם֙<h><H> <h><qr>
213148	<QR><H>נְטוּיֹ֣ות<h><H> <h><qr>
213933	<QR><H>יִשְׁאַ֨ג<h><H> <h><qr>
215176	<QR><H>לֹ֖ו<h><H> <h><qr>
215251	<QR><H>לְ<h><H><h><qr>
215252	<QR><H>מַרְבֵּ֨ה<h><H> <h><qr>
215614	<QR><H>וּ<h><H><h><qr>
215615	<QR><H>לְ<h><H><h><qr>
215616	<QR><H>שׂוּמֹ֥ו<h><H> <h><qr>
215737	<QR><H>וַ<h><H><h><qr>
215738	<QR><H>עֲתוּדֹֽותֵיהֶם֙<h><H> <h><qr>
216050	<QR><H>בַּת<h><H>־<h><qr>
216477	<QR><H>מוּדַ֥עַת<h><H> <h><qr>
216723	<QR><H>תִּשָּׁכַֽבְנָה<h><H>׃<h><qr>
217492	<QR><H>הָבִ֤יאִי<h><H> <h><qr>
218033	<QR><H>אֶשְׁקֳטָ֖ה<h><H> <h><qr>
219559	<QR><H>כִּתִּים֙<h><H> <h><qr>
219580	<QR><H>בַחוּנָ֗יו<h><H> <h><qr>
220248	<QR><H>בְּמֹ֥ו<h><H> <h><qr>
220527	<QR><H>דְּלָתְךָ֖<h><H> <h><qr>
220534	<QR><H>יַעֲבָר<h><H>־<h><qr>
221072	<QR><H>שֹׁ֣וט<h><H> <h><qr>
221075	<QR><H>יַֽעֲבֹר֙<h><H> <h><qr>
221542	<QR><H>סֵ֛פֶר<h><H> <h><qr>
222431	<QR><H>בָּֽם<h><H>׃<h><qr>
222438	<QR><H>הִ֛יא<h><H> <h><qr>
222763	<QR><H>עֲנִיִּים֙<h><H> <h><qr>
222864	<QR><H>וְ<h><H><h><qr>
222865	<QR><H>הַ<h><H><h><qr>
222866	<QR><H>כַּרְמֶ֖ל<h><H> <h><qr>
224037	<QR><H>צֹואָתָ֗ם<h><H> <h><qr>
224042	<QR><H>מֵימֵ֥י<h><H> <h><qr>
224043	<QR><H>רַגְלֵיהֶ֖ם<h><H> <h><qr>
224854	<QR><H>וְ<h><H><h><qr>
224855	<QR><H>אִכְל֥וּ<h><H> <h><qr>
225406	<QR><H>נְכֹתֹ֡ו<h><H> <h><qr>
226434	<QR><H>וְ<h><H><h><qr>
226435	<QR><H>נִרְאֶ֥ה<h><H> <h><qr>
226832	<QR><H>רָאֹ֥ות<h><H> <h><qr>
226888	<QR><H>לִ<h><H><h><qr>
226889	<QR><H>מְשִׁיסָּ֧ה<h><H> <h><qr>
227657	<QR><H>יִסְגָּד<h><H>־<h><qr>
227809	<QR><H>מֵ<h><H><h><qr>
227810	<QR><H>אִתִּֽי<h><H>׃<h><qr>
227905	<QR><H>אֲיַשֵּׁ֑ר<h><H> <h><qr>
228488	<QR><H>עֲצָתִ֑י<h><H> <h><qr>
228737	<QR><H>הֹבְרֵ֣י<h><H> <h><qr>
229220	<QR><H>לֹ֣ו<h><H> <h><qr>
229243	<QR><H>וּ<h><H><h><qr>
229244	<QR><H>נְצוּרֵ֥י<h><H> <h><qr>
229387	<QR><H>וּ<h><H><h><qr>
229388	<QR><H>פִצְח֥וּ<h><H> <h><qr>
230328	<QR><H>הִֽתְפַּתְּחִי֙<h><H> <h><qr>
230366	<QR><H>מַה<h><H>־<h><qr>
230367	<QR><H>לִּי<h><H>־<h><qr>
230375	<QR><H>מֹשְׁלָ֤יו<h><H> <h><qr>
231012	<QR><H>הִנֵּ֤ה<h><H> <h><qr>
231294	<QR><H>וְ<h><H><h><qr>
231295	<QR><H>תַ֥חַת<h><H> <h><qr>
231497	<QR><H>צֹפָ֞יו<h><H> <h><qr>
231865	<QR><H>נִ֣יב<h><H> <h><qr>
232204	<QR><H>בָּ֣מֳתֵי<h><H> <h><qr>
232997	<QR><H>מַטָּעַ֛י<h><H> <h><qr>
233279	<QR><H>וּ<h><H><h><qr>
233280	<QR><H>צְנִ֥יף<h><H> <h><qr>
233604	<QR><H>לֹ֣ו<h><H> <h><qr>
234020	<QR><H>וּ<h><H><h><qr>
234021	<QR><H>מְרַ֥ק<h><H> <h><qr>
234076	<QR><H>אֶל<h><H>־<h><qr>
234786	<QR><H>אַחַת֙<h><H> <h><qr>
235068	<QR><H>אֶצָּרְךָ֤<h><H> <h><qr>
235397	<QR><H>תְּבוּאָתֹ֑ו<h><H> <h><qr>
235622	<QR><H>נִצְּת֖וּ<h><H> <h><qr>
235629	<QR><H>וְ<h><H><h><qr>
235630	<QR><H>תַחְפַּנְחֵ֑ס<h><H> <h><qr>
235704	<QR><H>אֶעֱבֹ֑ור<h><H> <h><qr>
235776	<QR><H>נַפְשָׁהּ֙<h><H> <h><qr>
235793	<QR><H>וּ<h><H><h><qr>
235794	<QR><H>גְרֹונֵ֖ךְ<h><H> <h><qr>
235834	<QR><H>יְלִדְתָּ֔נוּ<h><H> <h><qr>
235936	<QR><H>לִמַּ֖דְתְּ<h><H> <h><qr>
236051	<QR><H>שֻׁכַּ֔בְּתְּ<h><H> <h><qr>
236088	<QR><H>קָרָ֥את<h><H> <h><qr>
236103	<QR><H>דִבַּ֛רְתְּ<h><H> <h><qr>
236152	<QR><H>וַ<h><H><h><qr>
236153	<QR><H>תֵּ֛רֶא<h><H> <h><qr>
236438	<QR><H>תִּקְרְאִי<h><H>־<h><qr>
236444	<QR><H>תָשֽׁוּבִי<h><H>׃<h><qr>
236635	<QR><H>תִּקְע֥וּ<h><H> <h><qr>
236885	<QR><H>אֹוחִ֜ילָה<h><H> <h><qr>
236896	<QR><H>שָׁמַ֣עַתְּ<h><H> <h><qr>
237063	<QR><H>וְ<h><H><h><qr>
237064	<QR><H>אַ֨תְּ<h><H> <h><qr>
237232	<QR><H>אֶֽסְלַֽח<h><H>־<h><qr>
237559	<QR><H>יֹורֶ֥ה<h><H> <h><qr>
237761	<QR><H>בַּ֨יִר֙<h><H> <h><qr>
238054	<QR><H>וְ<h><H><h><qr>
238055	<QR><H>אָבָֽדוּ<h><H>׃<h><qr>
238111	<QR><H>תֵּֽצְאוּ֙<h><H> <h><qr>
238119	<QR><H>תֵּלֵ֑כוּ<h><H> <h><qr>
238172	<QR><H>מֵ<h><H><h><qr>
238173	<QR><H>אֵ֖שׁ<h><H> <h><qr>
238174	<QR><H>תַּ֣ם<h><H> <h><qr>
238650	<QR><H>הֹוצִיאִ֥י<h><H> <h><qr>
238953	<QR><H>יֹוצִ֣יאוּ<h><H> <h><qr>
239101	<QR><H>בִּ<h><H><h><qr>
239102	<QR><H>מְר֣וּצָתָ֔ם<h><H> <h><qr>
239118	<QR><H>וְ<h><H><h><qr>
239119	<QR><H>סִיס֙<h><H> <h><qr>
239516	<QR><H>שָׁח֛וּט<h><H> <h><qr>
240117	<QR><H>הָ<h><H><h><qr>
240118	<QR><H>אָ֑רֶץ<h><H> <h><qr>
240175	<QR><H>יֹשֶׁ֖בֶת<h><H> <h><qr>
241517	<QR><H>וְ<h><H><h><qr>
241518	<QR><H>שִׁ֖ית<h><H> <h><qr>
241570	<QR><H>שְׂא֤וּ<h><H> <h><qr>
241572	<QR><H>וּ<h><H><h><qr>
241573	<QR><H>רְא֔וּ<h><H> <h><qr>
241714	<QR><H>צְעִירֵיהֶ֖ם<h><H> <h><qr>
241949	<QR><H>וֶֽ<h><H><h><qr>
241950	<QR><H>אֱלִיל֙<h><H> <h><qr>
241951	<QR><H>וְ<h><H><h><qr>
241952	<QR><H>תַרְמִ֣ית<h><H> <h><qr>
242268	<QR><H>לְ<h><H><h><qr>
242269	<QR><H>זַֽעֲוָ֔ה<h><H> <h><qr>
242338	<QR><H>אַלְמְנֹותָיו֙<h><H> <h><qr>
242363	<QR><H>בָּ֥א<h><H> <h><qr>
242408	<QR><H>שֵֽׁרִיתִ֖ךָ<h><H> <h><qr>
242491	<QR><H>דְבָֽרְךָ֙<h><H> <h><qr>
242994	<QR><H>לְ<h><H><h><qr>
242995	<QR><H>דַיָּגִ֥ים<h><H> <h><qr>
243256	<QR><H>יִרְאֶה֙<h><H> <h><qr>
243297	<QR><H>כִּ<h><H><h><qr>
243298	<QR><H>דְרָכָ֔יו<h><H> <h><qr>
243315	<QR><H>יָמָיו֙<h><H> <h><qr>
243335	<QR><H>וְ<h><H><h><qr>
243336	<QR><H>סוּרַי֙<h><H> <h><qr>
243426	<QR><H>הָ<h><H><h><qr>
243427	<QR><H>עָ֔ם<h><H> <h><qr>
243523	<QR><H>שְׁמֹ֔ועַ<h><H> <h><qr>
243561	<QR><H>בֹּ֖ו<h><H> <h><qr>
243705	<QR><H>וְ<h><H><h><qr>
243706	<QR><H>הִנֵּה<h><H>־<h><qr>
243707	<QR><H>ה֛וּא<h><H> <h><qr>
243829	<QR><H>הָ<h><H><h><qr>
243830	<QR><H>רַע֙<h><H> <h><qr>
243954	<QR><H>שְׁרִיקֹ֣ת<h><H> <h><qr>
244084	<QR><H>שׁוּחָה֙<h><H> <h><qr>
244114	<QR><H>וְ<h><H><h><qr>
244115	<QR><H>יִהְי֤וּ<h><H> <h><qr>
244151	<QR><H>הַֽ<h><H><h><qr>
244152	<QR><H>חַרְסִ֑ית<h><H> <h><qr>
244504	<QR><H>מֵבִ֜יא<h><H> <h><qr>
245185	<QR><H>וְ<h><H><h><qr>
245186	<QR><H>חָיָ֔ה<h><H> <h><qr>
245257	<QR><H>מַעַלְלֵיכֶֽם<h><H>׃<h><qr>
245398	<QR><H>וַ<h><H><h><qr>
245399	<QR><H>עֲבָדָ֖יו<h><H> <h><qr>
245443	<QR><H>נֹושָֽׁבוּ<h><H>׃<h><qr>
245698	<QR><H>הֹדֹֽו<h><H>׃<h><qr>
245763	<QR><H>יֹשַׁבְתְּ֙<h><H> <h><qr>
245767	<QR><H>מְקֻנַּ֖נְתְּ<h><H> <h><qr>
246308	<QR><H>דְּבָרֹ֖ו<h><H> <h><qr>
246941	<QR><H>לְ<h><H><h><qr>
246942	<QR><H>זַעֲוָ֣ה<h><H> <h><qr>
247155	<QR><H>הַכְעִיסֵ֛נִי<h><H> <h><qr>
247290	<QR><H>וְ<h><H><h><qr>
247291	<QR><H>הֵֽבֵאתִי֙<h><H> <h><qr>
247971	<QR><H>הַ<h><H><h><qr>
247972	<QR><H>זֹּאת֙<h><H> <h><qr>
248288	<QR><H>מִיכָה֙<h><H> <h><qr>
248995	<QR><H>יְכָנְיָ֨ה<h><H> <h><qr>
249063	<QR><H>בַּ<h><H><h><qr>
249064	<QR><H><h><H><h><qr>
249065	<QR><H>שָּׁנָה֙<h><H> <h><qr>
249749	<QR><H>שְׁבוּתְכֶ֗ם<h><H> <h><qr>
249863	<QR><H>לְ<h><H><h><qr>
249864	<QR><H>זַעֲוָ֜ה<h><H> <h><qr>
250006	<QR><H>הַ<h><H><h><qr>
250007	<QR><H>יֹּודֵ֥עַ<h><H> <h><qr>
251036	<QR><H>הָלָ֑כְתְּ<h><H> <h><qr>
251398	<QR><H>בָּאִ֖ים<h><H> <h><qr>
251416	<QR><H>קָ֤ו<h><H> <h><qr>
251437	<QR><H>הַ<h><H><h><qr>
251438	<QR><H>שְּׁדֵמֹות֩<h><H> <h><qr>
251468	<QR><H>בַּ<h><H><h><qr>
251469	<QR><H><h><H><h><qr>
251470	<QR><H>שָּׁנָה֙<h><H> <h><qr>
251560	<QR><H>עֵינָ֥יו<h><H> <h><qr>
251995	<QR><H>וּ<h><H><h><qr>
251996	<QR><H>בְ<h><H><h><qr>
251997	<QR><H>תֹורָתְךָ֣<h><H> <h><qr>
252308	<QR><H>הַחֲטִ֥יא<h><H> <h><qr>
252691	<QR><H>לְ<h><H><h><qr>
252692	<QR><H>כָל<h><H>־<h><qr>
253134	<QR><H>אָשִׁ֥יב<h><H> <h><qr>
253423	<QR><H>וַֽ<h><H><h><qr>
253424	<QR><H>יִּכְבְּשׁ֔וּם<h><H> <h><qr>
253593	<QR><H>לְ<h><H><h><qr>
253594	<QR><H>זַעֲוָ֔ה<h><H> <h><qr>
255180	<QR><H>הַ<h><H><h><qr>
255181	<QR><H>כְּלֽוּא<h><H>׃<h><qr>
255492	<QR><H>וְ<h><H><h><qr>
255493	<QR><H>אַיֵּה֙<h><H> <h><qr>
255630	<QR><H>וְ<h><H><h><qr>
255631	<QR><H>חָיָ֔ה<h><H> <h><qr>
255904	<QR><H>סְחָבֹ֔ות<h><H> <h><qr>
256028	<QR><H>אֲשֶׁר֩<h><H> <h><qr>
256628	<QR><H>כִּ֗י<h><H> <h><qr>
256715	<QR><H>מֵבִ֨יא<h><H> <h><qr>
256858	<QR><H>הַ<h><H><h><qr>
256859	<QR><H>דָּבָ֥ר<h><H> <h><qr>
257048	<QR><H>עֵיפַ֣י<h><H> <h><qr>
257285	<QR><H>תַּעֲשֵׂ֖ה<h><H> <h><qr>
257759	<QR><H>כִּמְהָ֔ם<h><H> <h><qr>
257930	<QR><H>אֲנַ֜חְנוּ<h><H> <h><qr>
258267	<QR><H>הִתְעֵתֶם֮<h><H> <h><qr>
258596	<QR><H>שַׁפְרִירֹ֖ו<h><H> <h><qr>
258598	<QR><H>וּ<h><H><h><qr>
258599	<QR><H>בָ֕א<h><H> <h><qr>
259901	<QR><H>הִרְבֵּ֣ית<h><H> <h><qr>
260422	<QR><H>צְעִירֶֽיהָ<h><H>׃<h><qr>
260425	<QR><H>הַ<h><H><h><qr>
260426	<QR><H>לֻּחִ֔ית<h><H> <h><qr>
260462	<QR><H>כְמֹושׁ֙<h><H> <h><qr>
260469	<QR><H>יַחְדָּֽיו<h><H>׃<h><qr>
260635	<QR><H>וּ<h><H><h><qr>
260636	<QR><H>שְׁבִ֣י<h><H> <h><qr>
260668	<QR><H>הֵילִ֣ילוּ<h><H> ׀ <h><qr>
260669	<QR><H>וּֽ<h><H><h><qr>
260670	<QR><H>זְעָ֑קוּ<h><H> <h><qr>
260691	<QR><H>מֵיפָֽעַת<h><H>׃<h><qr>
260762	<QR><H>נִמְצָ֑א<h><H> <h><qr>
261033	<QR><H>הַ<h><H><h><qr>
261034	<QR><H>נָּ֞ס<h><H> <h><qr>
261597	<QR><H>תְּהִלָּ֑ת<h><H> <h><qr>
261637	<QR><H>נְבֽוּכַדְרֶאצַּ֣ר<h><H> <h><qr>
261689	<QR><H>עֲלֵיכֶ֖ם<h><H> <h><qr>
261812	<QR><H>עֵילָֽם<h><H>׃<h><qr>
261863	<QR><H>אָשִׁ֛יב<h><H> <h><qr>
261865	<QR><H>שְׁב֥וּת<h><H> <h><qr>
261977	<QR><H>הָי֣וּ<h><H> <h><qr>
261982	<QR><H>שֹֽׁובְב֑וּם<h><H> <h><qr>
262017	<QR><H>צֵ֑אוּ<h><H> <h><qr>
262063	<QR><H>תִשְׂמְחוּ֙<h><H> <h><qr>
262065	<QR><H>תַֽעַלְז֔וּ<h><H> <h><qr>
262069	<QR><H>תָפ֨וּשׁוּ֙<h><H> <h><qr>
262073	<QR><H>וְ<h><H><h><qr>
262074	<QR><H>תִצְהֲל֖וּ<h><H> <h><qr>
262132	<QR><H>אָשְׁיֹותֶ֔יהָ<h><H> <h><qr>
262403	<QR><H>לָהּ֙<h><H> <h><qr>
262684	<QR><H>אֲרִיצֵם֙<h><H> <h><qr>
262779	<QR><H>יִדְרֹ֤ךְ<h><H> <h><qr>
262877	<QR><H>רִפִּ֣ינוּ<h><H> <h><qr>
262961	<QR><H>שֹׁכַנְתְּ֙<h><H> <h><qr>
263334	<QR><H>אֲכָלַ֣נִי<h><H> <h><qr>
263335	<QR><H>הֲמָמַ֗נִי<h><H> <h><qr>
263339	<QR><H>הִצִּיגַ֨נִי֙<h><H> <h><qr>
263342	<QR><H>בְּלָעַ֨נִי֙<h><H> <h><qr>
263350	<QR><H>הֱדִיחָֽנִי<h><H>׃<h><qr>
263927	<QR><H>חֲמוּטַ֥ל<h><H> <h><qr>
264154	<QR><H>בֵֽית<h><H>־<h><qr>
264418	<QR><H>קֹומַת֙<h><H> <h><qr>
264682	<QR><H>הַ<h><H><h><qr>
264683	<QR><H>כְּלֽוּא<h><H>׃<h><qr>
264696	<QR><H>הַ<h><H><h><qr>
264697	<QR><H>מְּלָכִ֛ים<h><H> <h><qr>
264873	<QR><H>וִ<h><H><h><qr>
264874	<QR><H>ידֵ֣י<h><H> <h><qr>
265789	<QR><H>וָֽ<h><H><h><qr>
265790	<QR><H>אֵשֵׁ֔ב<h><H> <h><qr>
265912	<QR><H>צִדְקֹתָיו֙<h><H> <h><qr>
266187	<QR><H>הַ<h><H><h><qr>
266188	<QR><H>יְמָנִי֙<h><H> <h><qr>
266370	<QR><H>צְפִיעֵ֣י<h><H> <h><qr>
266865	<QR><H>וְ<h><H><h><qr>
266866	<QR><H>לַ<h><H><h><qr>
266867	<QR><H><h><H><h><qr>
266868	<QR><H>גֵּאָיֹ֗ות<h><H> <h><qr>
267157	<QR><H>אַרְבַּ֖ע<h><H> <h><qr>
267518	<QR><H>וְ<h><H><h><qr>
267519	<QR><H>חִלְּלֽוּהוּ<h><H>׃<h><qr>
267775	<QR><H>מָ֣ה<h><H> <h><qr>
267776	<QR><H>הֵ֣ם<h><H> <h><qr>
268166	<QR><H>אֵלָ֔יו<h><H> <h><qr>
268208	<QR><H>אַל<h><H>־<h><qr>
268210	<QR><H>עֵינְכֶ֖ם<h><H> <h><qr>
268366	<QR><H>כְּ<h><H><h><qr>
268367	<QR><H>כֹ֖ל<h><H> <h><qr>
268368	<QR><H>אֲשֶׁ֥ר<h><H> <h><qr>
269596	<QR><H>עֶזְרֹ֛ו<h><H> <h><qr>
270431	<QR><H>בָ֖א<h><H> <h><qr>
270652	<QR><H>דָּנִיאֵ֣ל<h><H> <h><qr>
270775	<QR><H>דָּנִיאֵ֣ל<h><H> <h><qr>
271246	<QR><H>שֵׁ֤שׁ<h><H> <h><qr>
271256	<QR><H>אָכָ֑לְתְּ<h><H> <h><qr>
271351	<QR><H>נָתַ֖תְּ<h><H> <h><qr>
271394	<QR><H>מִ<h><H><h><qr>
271395	<QR><H>תַּזְנוּתָֽיִךְ<h><H>׃<h><qr>
271413	<QR><H>זָכַ֖רְתְּ<h><H> <h><qr>
271468	<QR><H>תַּזְנוּתָֽיִךְ<h><H>׃<h><qr>
271555	<QR><H>עָשִׂ֖ית<h><H> <h><qr>
271561	<QR><H>הָיִ֥ית<h><H> <h><qr>
271782	<QR><H>זָכַרְתְּ֙<h><H> <h><qr>
271805	<QR><H>עָשִׂית֙<h><H> <h><qr>
271876	<QR><H>עָשִׂ֑ית<h><H> <h><qr>
271957	<QR><H>אֲחֹותַ֔יִךְ<h><H> <h><qr>
271962	<QR><H>עָשִֽׂית<h><H>׃<h><qr>
271993	<QR><H>שְׁב֤וּת<h><H> <h><qr>
271999	<QR><H>שְׁב֥וּת<h><H> <h><qr>
272003	<QR><H>וּ<h><H><h><qr>
272004	<QR><H>שְׁב֥וּת<h><H> <h><qr>
272087	<QR><H>וְ<h><H><h><qr>
272088	<QR><H>עָשִׂ֥יתִי<h><H> <h><qr>
272593	<QR><H>מִבְרָחָ֤יו<h><H> <h><qr>
273076	<QR><H>הָ<h><H><h><qr>
273077	<QR><H>רָשָׁ֖ע<h><H> <h><qr>
273087	<QR><H>חַטֹּאתָיו֙<h><H> <h><qr>
273153	<QR><H>צִדְקֹתָ֤יו<h><H> <h><qr>
273223	<QR><H>וַ<h><H><h><qr>
273224	<QR><H>יָּ֔שָׁב<h><H> <h><qr>
275012	<QR><H>כִּ<h><H><h><qr>
275013	<QR><H>קְסָם<h><H>־<h><qr>
275464	<QR><H>לְ<h><H><h><qr>
275465	<QR><H>סִ֑יג<h><H> <h><qr>
275920	<QR><H>כַשְׂדִּ֔ים<h><H> <h><qr>
275942	<QR><H>וַ<h><H><h><qr>
275943	<QR><H>תַּעְגְּבָ֥ה<h><H> <h><qr>
276427	<QR><H>סָבָאִ֖ים<h><H> <h><qr>
276446	<QR><H>עַתָּ֛ה<h><H> <h><qr>
276447	<QR><H>יִזְנ֥וּ<h><H> <h><qr>
276579	<QR><H>כְּתָב<h><H>־<h><qr>
277181	<QR><H>לְ<h><H><h><qr>
277182	<QR><H>בַז֙<h><H> <h><qr>
277235	<QR><H>וְ<h><H><h><qr>
277236	<QR><H>קִרְיָתָֽיְמָה<h><H>׃<h><qr>
277843	<QR><H>הַ<h><H><h><qr>
277844	<QR><H>יֹּשֶׁ֨בֶת֙<h><H> <h><qr>
277899	<QR><H>כִּתִּיִּֽים<h><H>׃<h><qr>
278037	<QR><H>וְ<h><H><h><qr>
278038	<QR><H>הָבְנִ֔ים<h><H> <h><qr>
278411	<QR><H>מִ<h><H><h><qr>
278412	<QR><H>דָּֽנִיאֵ֑ל<h><H> <h><qr>
278896	<QR><H>חַחִים֙<h><H> <h><qr>
278968	<QR><H>בַ<h><H><h><qr>
278969	<QR><H><h><H><h><qr>
278970	<QR><H>כַּף֙<h><H> <h><qr>
279557	<QR><H>תָּחוּל֙<h><H> <h><qr>
279860	<QR><H>פֹארֹתָ֛יו<h><H> <h><qr>
280172	<QR><H>הֲמֹונֹ֔ו<h><H> <h><qr>
280761	<QR><H>הֲמֹונֹ֑ו<h><H> <h><qr>
280774	<QR><H>חִתִּיתִ֖י<h><H> <h><qr>
280789	<QR><H>הֲמֹונֹ֔ו<h><H> <h><qr>
281100	<QR><H>צִדְקֹתָיו֙<h><H> <h><qr>
281146	<QR><H>חַטֹּאתָיו֙<h><H> <h><qr>
282292	<QR><H>תָשֹׁ֑בְנָה<h><H> <h><qr>
282357	<QR><H>שָׁמֵ֑מוּ<h><H> <h><qr>
282713	<QR><H>אָ֑תְּ<h><H> <h><qr>
282716	<QR><H>גֹּויַ֖יִךְ<h><H> <h><qr>
282723	<QR><H>וְ<h><H><h><qr>
282724	<QR><H>גֹויַ֖יִךְ<h><H> <h><qr>
282726	<QR><H>תְשַׁכְּלִי<h><H>־<h><qr>
282745	<QR><H>וְ<h><H><h><qr>
282746	<QR><H>גֹויַ֨יִךְ֙<h><H> <h><qr>
283517	<QR><H>חֲבֵרָ֑יו<h><H> <h><qr>
283533	<QR><H>חֲבֵרָֽיו<h><H>׃<h><qr>
283585	<QR><H>חֲבֵרָ֑יו<h><H> <h><qr>
283666	<QR><H>יִֽהְיוּ<h><H>־<h><qr>
284583	<QR><H>הֲמֹונֹ֔ו<h><H> <h><qr>
284849	<QR><H>שְׁב֣וּת<h><H> <h><qr>
285110	<QR><H>בְּ<h><H><h><qr>
285111	<QR><H>מַֽעֲלֹותָ֑יו<h><H> <h><qr>
285177	<QR><H>וְ<h><H><h><qr>
285178	<QR><H>אֵילָ֖יו<h><H> <h><qr>
285297	<QR><H>הָֽ<h><H><h><qr>
285298	<QR><H>אִיתֹ֔ון<h><H> <h><qr>
285421	<QR><H>וְ<h><H><h><qr>
285422	<QR><H>תָאָ֗יו<h><H> <h><qr>
285430	<QR><H>וְ<h><H><h><qr>
285431	<QR><H>אֵילָ֤יו<h><H> <h><qr>
285432	<QR><H>וְ<h><H><h><qr>
285433	<QR><H>אֵֽלַמָּיו֙<h><H> <h><qr>
285452	<QR><H>וְ<h><H><h><qr>
285453	<QR><H>חַלֹּונָ֤יו<h><H> <h><qr>
285454	<QR><H>וְ<h><H><h><qr>
285455	<QR><H>אֵֽלַמָּיו֙<h><H> <h><qr>
285456	<QR><H>וְ<h><H><h><qr>
285457	<QR><H>תִ֣מֹרָ֔יו<h><H> <h><qr>
285473	<QR><H>וְ<h><H><h><qr>
285474	<QR><H>אֵֽילַמָּ֖יו<h><H> <h><qr>
285515	<QR><H>אֵילָיו֙<h><H> <h><qr>
285516	<QR><H>וְ<h><H><h><qr>
285517	<QR><H>אֵ֣ילַמָּ֔יו<h><H> <h><qr>
285526	<QR><H>וּ<h><H><h><qr>
285527	<QR><H>לְ<h><H><h><qr>
285528	<QR><H>אֵֽילַמָּיו֙<h><H> <h><qr>
285548	<QR><H>עֹֽלֹותָ֔יו<h><H> <h><qr>
285549	<QR><H>וְ<h><H><h><qr>
285550	<QR><H>אֵֽלַמָּ֖יו<h><H> <h><qr>
285564	<QR><H>אֵילָֽיו<h><H>׃<h><qr>
285609	<QR><H>וְ<h><H><h><qr>
285610	<QR><H>תָאָ֞יו<h><H> <h><qr>
285611	<QR><H>וְ<h><H><h><qr>
285612	<QR><H>אֵילָ֤יו<h><H> <h><qr>
285613	<QR><H>וְ<h><H><h><qr>
285614	<QR><H>אֵֽלַמָּיו֙<h><H> <h><qr>
285623	<QR><H>וּ<h><H><h><qr>
285624	<QR><H>לְ<h><H><h><qr>
285625	<QR><H>אֵלַמָּ֖יו<h><H> <h><qr>
285650	<QR><H>וְ<h><H><h><qr>
285651	<QR><H>אֵלַמָּ֗יו<h><H> <h><qr>
285659	<QR><H>אֵילָ֑יו<h><H> <h><qr>
285663	<QR><H>מַעֲלָֽיו<h><H>׃<h><qr>
285684	<QR><H>וְ<h><H><h><qr>
285685	<QR><H>תָאָ֞יו<h><H> <h><qr>
285686	<QR><H>וְ<h><H><h><qr>
285687	<QR><H>אֵלָ֤יו<h><H> <h><qr>
285688	<QR><H>וְ<h><H><h><qr>
285689	<QR><H>אֵֽלַמָּיו֙<h><H> <h><qr>
285698	<QR><H>וּ<h><H><h><qr>
285699	<QR><H>לְ<h><H><h><qr>
285700	<QR><H>אֵלַמָּ֖יו<h><H> <h><qr>
285712	<QR><H>וְ<h><H><h><qr>
285713	<QR><H>אֵלַמָּ֗יו<h><H> <h><qr>
285722	<QR><H>אֵלָ֖יו<h><H> <h><qr>
285731	<QR><H>מַעֲלָֽיו<h><H>׃<h><qr>
285745	<QR><H>תָּאָיו֙<h><H> <h><qr>
285746	<QR><H>אֵלָ֣יו<h><H> <h><qr>
285747	<QR><H>וְ<h><H><h><qr>
285748	<QR><H>אֵֽלַמָּ֔יו<h><H> <h><qr>
285763	<QR><H>וְ<h><H><h><qr>
285764	<QR><H>אֵילָ֗יו<h><H> <h><qr>
285773	<QR><H>אֵילָ֖יו<h><H> <h><qr>
285782	<QR><H>מַעֲלָֽיו<h><H>׃<h><qr>
286286	<QR><H>מוּסְדֹ֤ות<h><H> <h><qr>
286428	<QR><H>וְ<h><H><h><qr>
286429	<QR><H>אַתִּיקֶ֛יהָא<h><H> <h><qr>
286854	<QR><H>וּ<h><H><h><qr>
286855	<QR><H>מִ<h><H><h><qr>
286856	<QR><H>תַּ֖חַת<h><H> <h><qr>
286857	<QR><H>הַ<h><H><h><qr>
286858	<QR><H>לְּשָׁכֹ֣ות<h><H> <h><qr>
286861	<QR><H>הַ<h><H><h><qr>
286862	<QR><H>מֵּבִיא֙<h><H> <h><qr>
287015	<QR><H>וְ<h><H><h><qr>
287016	<QR><H>לָבְשׁוּ֙<h><H> <h><qr>
287057	<QR><H>מֵאֹ֥ות<h><H> <h><qr>
287352	<QR><H>צֽוּרֹתָ֡יו<h><H> <h><qr>
287359	<QR><H>צ֨וּרֹתָ֤יו<h><H> <h><qr>
287362	<QR><H>תֹּורֹתָיו֙<h><H> <h><qr>
287470	<QR><H>וּ<h><H><h><qr>
287471	<QR><H>מֵ<h><H><h><qr>
287472	<QR><H>הָ<h><H><h><qr>
287473	<QR><H>אֲרִיאֵ֣ל<h><H> <h><qr>
287480	<QR><H>וְ<h><H><h><qr>
287481	<QR><H>הָ<h><H><h><qr>
287482	<QR><H>אֲרִיאֵ֗ל<h><H> <h><qr>
287703	<QR><H>יָדָֽיו<h><H>׃<h><qr>
287783	<QR><H>לֶ<h><H><h><qr>
287784	<QR><H>אֱכָל<h><H>־<h><qr>
287853	<QR><H>תֹּֽורֹתָ֑יו<h><H> <h><qr>
288279	<QR><H>לְ<h><H><h><qr>
288280	<QR><H>מִשְׁפָּ֔ט<h><H> <h><qr>
288283	<QR><H>יִשְׁפְּטֻ֑הוּ<h><H> <h><qr>
288494	<QR><H>חֲמִשָּׁ֤ה<h><H> <h><qr>
288548	<QR><H>וְֽ<h><H><h><qr>
288549	<QR><H>הָיָ֡ה<h><H> <h><qr>
289293	<QR><H>יֵצֵֽא<h><H>׃<h><qr>
289431	<QR><H>יַעֲשׂ֨וּ<h><H> <h><qr>
289551	<QR><H>בַּ<h><H><h><qr>
289552	<QR><H><h><H><h><qr>
289553	<QR><H>יַּרְכָתַ֖יִם<h><H> <h><qr>
289845	<QR><H>וְ<h><H><h><qr>
289846	<QR><H>נִרְפּ֥וּ<h><H> <h><qr>
289888	<QR><H>עָמְד֨וּ<h><H> <h><qr>
289912	<QR><H>בִּצֹּאתָ֧יו<h><H> <h><qr>
289953	<QR><H>וְ<h><H><h><qr>
289954	<QR><H>הָיָ֤ה<h><H> <h><qr>
290463	<QR><H>יַעֲבִ֖יר<h><H> <h><qr>
290499	<QR><H>בְּ<h><H><h><qr>
290500	<QR><H>תֹוכֹֽו<h><H>׃<h><qr>
290514	<QR><H>חֲמֵ֥שׁ<h><H> <h><qr>
290588	<QR><H>תְבֽוּאָתֹו֙<h><H> <h><qr>
290683	<QR><H>בְּ<h><H><h><qr>
290684	<QR><H>תֹוכֹֽו<h><H>׃<h><qr>
292350	<QR><H>שַׁעֲרֽוּרִיָּ֑ה<h><H> <h><qr>
292741	<QR><H>אֶ֨כְתָּב<h><H>־<h><qr>
292743	<QR><H>רֻבֵּ֖י<h><H> <h><qr>
293039	<QR><H>בַֽל<h><H>־<h><qr>
293218	<QR><H>עֹונֹתָֽם<h><H>׃<h><qr>
295014	<QR><H>אָשִׁ֛יב<h><H> <h><qr>
297571	<QR><H>עֲנִיֵּי<h><H>־<h><qr>
297646	<QR><H>וְ<h><H><h><qr>
297647	<QR><H>נִשְׁקְעָ֖ה<h><H> <h><qr>
297937	<QR><H>מַעֲלֹותָ֔יו<h><H> <h><qr>
298327	<QR><H>שְׁעָרָ֗יו<h><H> <h><qr>
299589	<QR><H>בָּ֥מֳתֵי<h><H> <h><qr>
299686	<QR><H>שֹׁולָ֖ל<h><H> <h><qr>
299724	<QR><H>הִתְפַּלָּֽשִׁי<h><H>׃<h><qr>
300071	<QR><H>רָ֑ע<h><H> <h><qr>
301463	<QR><H>וּ<h><H><h><qr>
301464	<QR><H>גְדָל<h><H>־<h><qr>
301658	<QR><H>לַֽ<h><H><h><qr>
301659	<QR><H>עֲבָר<h><H>־<h><qr>
301731	<QR><H>בַּ<h><H><h><qr>
301732	<QR><H>הֲלִֽיכָתָ֑ם<h><H> <h><qr>
301915	<QR><H>וְ<h><H><h><qr>
301916	<QR><H>כָשְׁל֖וּ<h><H> <h><qr>
302855	<QR><H>עֻזֹּֽו<h><H>׃<h><qr>
302977	<QR><H>פְּרָזָ֔יו<h><H> <h><qr>
303585	<QR><H>שְׁבִיתָֽם<h><H>׃<h><qr>
303633	<QR><H>גֹּויִ֖י<h><H> <h><qr>
304261	<QR><H>וְ<h><H><h><qr>
304262	<QR><H>אֶכָּבְדָ֖ה<h><H> <h><qr>
305060	<QR><H>וּ<h><H><h><qr>
305061	<QR><H>מַֽעַלְלֵיכֶ֖ם<h><H> <h><qr>
305330	<QR><H>וְ<h><H><h><qr>
305331	<QR><H>קָ֥ו<h><H> <h><qr>
305492	<QR><H>אֵלָ֔יו<h><H> <h><qr>
305905	<QR><H>וָ<h><H><h><qr>
305906	<QR><H>אֹמַ֡ר<h><H> <h><qr>
308045	<QR><H>הַ<h><H><h><qr>
308046	<QR><H>בָּצִֽיר<h><H>׃<h><qr>
308944	<QR><H>תִּשָּׁכַ֑בְנָה<h><H> <h><qr>
309060	<QR><H>וְ<h><H><h><qr>
309061	<QR><H>קִפָּאֹֽון<h><H>׃<h><qr>
311114	<QR><H>הַיְשַׁ֖ר<h><H> <h><qr>
311203	<QR><H>וְ<h><H><h><qr>
311204	<QR><H>אַתָּ֥ה<h><H> <h><qr>
311683	<QR><H>עֲנָוִֽים<h><H>׃<h><qr>
311742	<QR><H>עֲ֝נִיִּ֗ים<h><H> <h><qr>
311807	<QR><H>דְרָכָ֨יו<h><H> ׀ <h><qr>
311875	<QR><H>יִדְכֶּ֥ה<h><H> <h><qr>
311881	<QR><H>חֵ֣יל<h><H> <h><qr>
311882	<QR><H>כָּאִֽים<h><H>׃<h><qr>
311901	<QR><H>עֲנָוִֽים<h><H>׃<h><qr>
311982	<QR><H>נ֝֗וּדִי<h><H> <h><qr>
312581	<QR><H>סְבָב֑וּנוּ<h><H> <h><qr>
312623	<QR><H>וּֽ<h><H><h><qr>
312624	<QR><H>צְפוּנְךָ֮<h><H> <h><qr>
313158	<QR><H>מַגְדִּיל֮<h><H> <h><qr>
314024	<QR><H>דֹּרְשָׁ֑יו<h><H> <h><qr>
314294	<QR><H>צָרְפָ֖ה<h><H> <h><qr>
314840	<QR><H>מִ<h><H><h><qr>
314841	<QR><H>יָּֽרְדִי<h><H>־<h><qr>
316816	<QR><H>רָֽדְפִי<h><H>־<h><qr>
316833	<QR><H>לִֽ<h><H><h><qr>
316834	<QR><H>ידוּת֗וּן<h><H> <h><qr>
317243	<QR><H>וְ<h><H><h><qr>
317244	<QR><H>אֻשַּׁ֣ר<h><H> <h><qr>
317493	<QR><H>שִׁירֹ֣ו<h><H> <h><qr>
318570	<QR><H>וְ֭<h><H><h><qr>
318571	<QR><H>צוּרָם<h><H> <h><qr>
318891	<QR><H>הֶ֭רֶב<h><H> <h><qr>
319331	<QR><H>יָשִׁ֣יב<h><H> <h><qr>
319509	<QR><H>יַשִּׁ֤י<h><H> <h><qr>
319510	<QR><H>מָ֨וֶת<h><H> ׀ <h><qr>
319685	<QR><H>יִצְפֹּ֗ונוּ<h><H> <h><qr>
319975	<QR><H>חִ֝צָּ֗יו<h><H> <h><qr>
320137	<QR><H>חַסְדִּ֣י<h><H> <h><qr>
320201	<QR><H>יְנִיע֣וּן<h><H> <h><qr>
320302	<QR><H>וַ<h><H><h><qr>
320303	<QR><H>עֲנֵֽנִי<h><H>׃<h><qr>
321030	<QR><H>יָר֖וּמוּ<h><H> <h><qr>
322172	<QR><H>חֽוּשָׁה<h><H>׃<h><qr>
322251	<QR><H>הִרְאִיתַ֨נִי<h><H> ׀ <h><qr>
322257	<QR><H>תְּחַיֵּ֑ינִי<h><H> <h><qr>
322490	<QR><H>יִנֹּ֪ון<h><H> <h><qr>
322543	<QR><H>נָטָ֣יוּ<h><H> <h><qr>
322547	<QR><H>שֻׁפְּכ֥וּ<h><H> <h><qr>
322609	<QR><H>יָשׁ֣וּב<h><H> <h><qr>
322669	<QR><H>ה֣וּא<h><H> <h><qr>
322836	<QR><H>וְ֭<h><H><h><qr>
322837	<QR><H>עַתָּה<h><H> <h><qr>
322897	<QR><H>חֵֽיקְךָ֣<h><H> <h><qr>
323259	<QR><H>יְדוּת֗וּן<h><H> <h><qr>
323360	<QR><H>אֶזְכֹּ֥ור<h><H> <h><qr>
323441	<QR><H>וּֽ֭<h><H><h><qr>
323442	<QR><H>שְׁבִֽילְךָ<h><H> <h><qr>
324359	<QR><H>בַּ<h><H><h><qr>
324360	<QR><H><h><H><h><qr>
324361	<QR><H>גֹּויִ֣ם<h><H> <h><qr>
325161	<QR><H>שְׁבִ֣ית<h><H> <h><qr>
325900	<QR><H>תָּר֥וּם<h><H> <h><qr>
325997	<QR><H>אֶשְׁמָר<h><H>־<h><qr>
326303	<QR><H>שַׁתָּ֣ה<h><H> <h><qr>
326706	<QR><H>עַוְלָ֥תָה<h><H> <h><qr>
327589	<QR><H>וְ<h><H><h><qr>
327590	<QR><H>לֹ֣ו<h><H> <h><qr>
327663	<QR><H>מְלָשְׁנִ֬י<h><H> <h><qr>
327952	<QR><H>כֹּחִ֗י<h><H> <h><qr>
328731	<QR><H>רַגְלֹ֑ו<h><H> <h><qr>
328819	<QR><H>דְּבָרֹֽו<h><H>׃<h><qr>
329409	<QR><H>חֲסָדָֽיו<h><H>׃<h><qr>
331913	<QR><H>וְ֝<h><H><h><qr>
331914	<QR><H>יֹדְעֵ֗י<h><H> <h><qr>
332434	<QR><H>לִ<h><H><h><qr>
332435	<QR><H>דְבָרְךָ֥<h><H> <h><qr>
332538	<QR><H>וּ֝<h><H><h><qr>
332539	<QR><H>מִ<h><H><h><qr>
332540	<QR><H>דְּבָרְךָ֗<h><H> <h><qr>
332916	<QR><H>לִ<h><H><h><qr>
332917	<QR><H>גְאֵ֥י<h><H> <h><qr>
332918	<QR><H>יֹונִֽים<h><H>׃<h><qr>
333103	<QR><H>שְׁבִיתֵ֑נוּ<h><H> <h><qr>
333284	<QR><H>לְ<h><H><h><qr>
333285	<QR><H>מַעֲנִיתָֽם<h><H>׃<h><qr>
334390	<QR><H>פְּלִ֣יאָֽה<h><H> <h><qr>
334497	<QR><H>וְ<h><H><h><qr>
334498	<QR><H>לֹ֖ו<h><H> <h><qr>
334667	<QR><H>יְכַסֵּֽימֹו<h><H>׃<h><qr>
334668	<QR><H>יִמֹּ֥וטוּ<h><H> <h><qr>
334692	<QR><H>יָדַ֗עְתִּי<h><H> <h><qr>
335292	<QR><H>וּ<h><H><h><qr>
335293	<QR><H>גְדוּלָּתְךָ֥<h><H> <h><qr>
335719	<QR><H>דְּבָרָ֣יו<h><H> <h><qr>
335756	<QR><H>צְבָאָֽיו<h><H>׃<h><qr>
336100	<QR><H>אַחְיֹֽותֵיהֶ֔ם<h><H> <h><qr>
336235	<QR><H>אַ֠תָּה<h><H> <h><qr>
336495	<QR><H>יָצָ֜אתִי<h><H> <h><qr>
336681	<QR><H>וְ<h><H><h><qr>
336682	<QR><H>עַ֥ד<h><H> <h><qr>
337471	<QR><H>וְ<h><H><h><qr>
337472	<QR><H>יָדָ֥יו<h><H> <h><qr>
337583	<QR><H>וְ֝<h><H><h><qr>
337584	<QR><H>הַוָּתִ֗י<h><H> <h><qr>
337758	<QR><H>לֹ֑ו<h><H> <h><qr>
337834	<QR><H>וְ<h><H><h><qr>
337835	<QR><H>שֻֽׁבוּ<h><H> <h><qr>
337854	<QR><H>עֲלֵי<h><H>־<h><qr>
337897	<QR><H>וְ<h><H><h><qr>
337898	<QR><H>ג֣וּשׁ<h><H> <h><qr>
338389	<QR><H>תַּחְתָּ֥יו<h><H> <h><qr>
338530	<QR><H>בְ<h><H><h><qr>
338531	<QR><H>מֵי<h><H>־<h><qr>
338779	<QR><H>וַ<h><H><h><qr>
338780	<QR><H>חֲדָ֑ל<h><H> <h><qr>
338781	<QR><H>וְ<h><H><h><qr>
338782	<QR><H>שִׁ֥ית<h><H> <h><qr>
339384	<QR><H>לֹ֣ו<h><H> <h><qr>
339556	<QR><H>חֻקָּ֥יו<h><H> <h><qr>
339869	<QR><H>בִּ֭<h><H><h><qr>
339870	<QR><H>קְדֹשָׁיו<h><H> <h><qr>
339944	<QR><H>וְ<h><H><h><qr>
339945	<QR><H>צָפ֖וּי<h><H> <h><qr>
340039	<QR><H>בַּ<h><H><h><qr>
340040	<QR><H><h><H><h><qr>
340041	<QR><H>שָּׁ֣יו<h><H> <h><qr>
340239	<QR><H>חֳ֭מַרְמְרוּ<h><H> <h><qr>
340908	<QR><H>שַׁדּֽוּן<h><H>׃<h><qr>
341002	<QR><H>עֲלוּמָ֑יו<h><H> <h><qr>
341277	<QR><H>יְכַלּ֣וּ<h><H> <h><qr>
341352	<QR><H>עֵינָ֣יו<h><H> <h><qr>
341925	<QR><H>וְ֝<h><H><h><qr>
341926	<QR><H>יֹדְעָ֗יו<h><H> <h><qr>
341972	<QR><H>יִקְצֹ֑ורוּ<h><H> <h><qr>
342342	<QR><H>וּ֝<h><H><h><qr>
342343	<QR><H>בִ<h><H><h><qr>
342344	<QR><H>תְבוּנָתֹ֗ו<h><H> <h><qr>
342358	<QR><H>דְּרָכָ֗יו<h><H> <h><qr>
342367	<QR><H>גְּ֝בוּרֹתָ֗יו<h><H> <h><qr>
342502	<QR><H>שְׂ֭רִידָיו<h><H> <h><qr>
343200	<QR><H>יִתְרִ֣י<h><H> <h><qr>
343308	<QR><H>תּוּשִׁיָּֽה<h><H>׃<h><qr>
343498	<QR><H>הִ֥יא<h><H> <h><qr>
343500	<QR><H>וְ֝<h><H><h><qr>
343501	<QR><H>ה֗וּא<h><H> <h><qr>
343593	<QR><H>חֲלָצָ֑יו<h><H> <h><qr>
344214	<QR><H>וְ<h><H><h><qr>
344215	<QR><H>רֹ֖וב<h><H> <h><qr>
344230	<QR><H>וְ<h><H><h><qr>
344231	<QR><H>שֻׁפּ֥וּ<h><H> <h><qr>
344306	<QR><H>נַ֭פְשֹׁו<h><H> <h><qr>
344312	<QR><H>וְ֝<h><H><h><qr>
344313	<QR><H>חַיָּתֹו<h><H> <h><qr>
345311	<QR><H>בְּ<h><H><h><qr>
345312	<QR><H>תַחְבּוּלֹתָ֣יו<h><H> <h><qr>
345441	<QR><H>מִ֥ן<h><H> ׀ <h><qr>
345442	<QR><H>הַ<h><H><h><qr>
345443	<QR><H>סְּעָרָ֗ה<h><H> <h><qr>
345546	<QR><H>יִדַּ֖עְתָּ<h><H> <h><qr>
345547	<QR><H>הַ<h><H><h><qr>
345548	<QR><H>שַּׁ֣חַר<h><H> <h><qr>
345829	<QR><H>יְ֭לָדָיו<h><H> <h><qr>
345933	<QR><H>יָשִׁ֣יב<h><H> <h><qr>
346082	<QR><H>כְּנָפָ֣יו<h><H> <h><qr>
346112	<QR><H>וְ<h><H><h><qr>
346113	<QR><H>אֶפְרֹחָ֥יו<h><H> <h><qr>
346167	<QR><H>מִ֥ן<h><H> ׀ <h><qr>
346168	<QR><H>סְעָרָ֗ה<h><H> <h><qr>
346269	<QR><H>פַחֲדָ֣יו<h><H> <h><qr>
346426	<QR><H>לֹֽו<h><H>־<h><qr>
346623	<QR><H>יָ֭דַעְתִּי<h><H> <h><qr>
346776	<QR><H>שְׁב֣וּת<h><H> <h><qr>
346799	<QR><H>אַחְיֹותָ֜יו<h><H> <h><qr>
346915	<QR><H>וַ<h><H><h><qr>
346916	<QR><H>יִּרְאֶ֗ה<h><H> <h><qr>
347176	<QR><H>כְ<h><H><h><qr>
347177	<QR><H>שֹׁואָ֨ה<h><H> ׀ <h><qr>
347299	<QR><H>יִצְפֹּ֣ן<h><H> <h><qr>
347314	<QR><H>חֲסִידָ֣יו<h><H> <h><qr>
347577	<QR><H>מִ<h><H><h><qr>
347578	<QR><H>פְּנִינִ֑ים<h><H> <h><qr>
347694	<QR><H>יָדְךָ֣<h><H> <h><qr>
347699	<QR><H>לְ<h><H><h><qr>
347700	<QR><H>רֵֽעֲךָ֨<h><H> ׀ <h><qr>
347722	<QR><H>תָּרִ֣יב<h><H> <h><qr>
347764	<QR><H>וְ֝<h><H><h><qr>
347765	<QR><H>לַ<h><H><h><qr>
347766	<QR><H>עֲנָוִ֗ים<h><H> <h><qr>
347928	<QR><H>יַכְשִֽׁילוּ<h><H>׃<h><qr>
348359	<QR><H>בְּ֭<h><H><h><qr>
348360	<QR><H>עֵינָיו<h><H> <h><qr>
348362	<QR><H>בְּ<h><H><h><qr>
348363	<QR><H>רַגְלָ֑יו<h><H> <h><qr>
348375	<QR><H>מִדְיָנִ֥ים<h><H> <h><qr>
348393	<QR><H>תֹּועֲבַ֥ת<h><H> <h><qr>
348987	<QR><H>אֹהֲבַ֣י<h><H> <h><qr>
349161	<QR><H>מָצָ֣א<h><H> <h><qr>
349653	<QR><H>יְשָׁדֵּֽם<h><H>׃<h><qr>
350038	<QR><H>יָשִׁ֥יב<h><H> <h><qr>
350337	<QR><H>הֹלֵ֣ךְ<h><H> <h><qr>
350340	<QR><H>יֶחְכָּ֑ם<h><H> <h><qr>
350581	<QR><H>עֲנָוִ֣ים<h><H> <h><qr>
350829	<QR><H>וּ<h><H><h><qr>
350830	<QR><H>פִ֥י<h><H> <h><qr>
351190	<QR><H>עֲנָוִ֑ים<h><H> <h><qr>
351270	<QR><H>שְׂ֝פָתֹ֗ו<h><H> <h><qr>
351463	<QR><H>תָמ֥וּשׁ<h><H> <h><qr>
351603	<QR><H>יְקַר<h><H>־<h><qr>
351771	<QR><H>וּ<h><H><h><qr>
351772	<QR><H>בָֽא<h><H>־<h><qr>
351789	<QR><H>וּ֝<h><H><h><qr>
351790	<QR><H>מִדְיָנִ֗ים<h><H> <h><qr>
351911	<QR><H>לֹו<h><H>־<h><qr>
351996	<QR><H>יָמֽוּת<h><H>׃<h><qr>
352016	<QR><H>גְּֽדָל<h><H>־<h><qr>
352159	<QR><H>וְ<h><H><h><qr>
352160	<QR><H>שָׁאַ֖ל<h><H> <h><qr>
352276	<QR><H>נָכְרִיָּ֣ה<h><H> <h><qr>
352314	<QR><H>בֶּ<h><H><h><qr>
352315	<QR><H>אֱשׁ֥וּן<h><H> <h><qr>
352318	<QR><H>מְבֹהֶ֣לֶת<h><H> <h><qr>
352400	<QR><H>תַּמְר֣וּק<h><H> <h><qr>
352595	<QR><H>מִדְיָנִ֣ים<h><H> <h><qr>
352686	<QR><H>יָבִ֬ין<h><H> <h><qr>
352687	<QR><H>דַּרְכֹּֽו<h><H>׃<h><qr>
352731	<QR><H>וְ<h><H><h><qr>
352732	<QR><H>נִסְתָּ֑ר<h><H> <h><qr>
352781	<QR><H>יִקְצָר<h><H>־<h><qr>
352809	<QR><H>טְהָר<h><H>־<h><qr>
352839	<QR><H>יִפָּל<h><H>־<h><qr>
352896	<QR><H>שָׁלִישִׁ֑ים<h><H> <h><qr>
352947	<QR><H>אֹֽרְחֹתָ֑יו<h><H> <h><qr>
353015	<QR><H>תִּ֭תְאָיו<h><H> <h><qr>
353029	<QR><H>הֲ<h><H><h><qr>
353030	<QR><H>תָ֤עִיף<h><H> <h><qr>
353042	<QR><H>יָע֥וּף<h><H> <h><qr>
353053	<QR><H>תִּ֝תְאָ֗יו<h><H> <h><qr>
353227	<QR><H>גִּ֣יל<h><H> <h><qr>
353228	<QR><H>יָ֭גִיל<h><H> <h><qr>
353231	<QR><H>וְ<h><H><h><qr>
353232	<QR><H>יֹולֵ֥ד<h><H> <h><qr>
353234	<QR><H>יִשְׂמַח<h><H>־<h><qr>
353250	<QR><H>תִּצֹּֽרְנָה<h><H>׃<h><qr>
353277	<QR><H>מִדְיָנִ֨ים<h><H> ׀ <h><qr>
353308	<QR><H>בַּ<h><H><h><qr>
353309	<QR><H><h><H><h><qr>
353310	<QR><H>כֹּ֣וס<h><H> <h><qr>
353361	<QR><H>תִּ֝תְאָ֗יו<h><H> <h><qr>
353524	<QR><H>אֹֽ֭ויִבְךָ<h><H> <h><qr>
353962	<QR><H>מִ֝דְיָנִ֗ים<h><H> <h><qr>
354038	<QR><H>לֹ֣ו<h><H> <h><qr>
354224	<QR><H>מִ֝דְיָנִ֗ים<h><H> <h><qr>
354247	<QR><H>בִּ֭<h><H><h><qr>
354248	<QR><H>שְׂפָתָיו<h><H> <h><qr>
354381	<QR><H>וְ<h><H><h><qr>
354382	<QR><H>רֵ֪עַ<h><H> <h><qr>
354444	<QR><H>מִ֝דְיָנִ֗ים<h><H> <h><qr>
354486	<QR><H>וַ֭<h><H><h><qr>
354487	<QR><H>אֲבַדֹּו<h><H> <h><qr>
354548	<QR><H>וָ<h><H><h><qr>
354549	<QR><H>דֹֽור<h><H>׃<h><qr>
354654	<QR><H>וְ<h><H><h><qr>
354655	<QR><H>תַרְבִּ֑ית<h><H> <h><qr>
354736	<QR><H>שֹׂ֥נֵא<h><H> <h><qr>
355240	<QR><H>אֲדֹנָ֑יו<h><H> <h><qr>
355331	<QR><H>וְ֝<h><H><h><qr>
355332	<QR><H>אַרְבָּעָ֗ה<h><H> <h><qr>
355537	<QR><H>אֵ֣י<h><H> <h><qr>
355649	<QR><H>נָ֣טְעָה<h><H> <h><qr>
355664	<QR><H>בַ<h><H><h><qr>
355665	<QR><H><h><H><h><qr>
355666	<QR><H>לַּ֣יְלָה<h><H> <h><qr>
355954	<QR><H>יַ֣עַשׂ<h><H> <h><qr>
356230	<QR><H>מֹודַ֣ע<h><H> <h><qr>
356807	<QR><H>שִׂמְלֹתַ֛יִךְ<h><H> <h><qr>
356809	<QR><H>וְ<h><H><h><qr>
356810	<QR><H>יָרַ֣דְתְּ<h><H> <h><qr>
356842	<QR><H>וְ<h><H><h><qr>
356843	<QR><H>שָׁכָ֑בְתְּ<h><H> <h><qr>
356857	<QR><H>אֵלַ֖י<h><H> <h><qr>
356978	<QR><H>כִּ֥י<h><H> <h><qr>
357016	<QR><H>מַרְגְּלֹתָיו֙<h><H> <h><qr>
357022	<QR><H>בְּ<h><H><h><qr>
357023	<QR><H>טֶ֛רֶם<h><H> <h><qr>
357092	<QR><H>אֵלַ֔י<h><H> <h><qr>
357205	<QR><H>וְ<h><H><h><qr>
357206	<QR><H>אֵֽדְעָה֙<h><H> <h><qr>
357239	<QR><H>קָנִ֔יתָה<h><H> <h><qr>
357253	<QR><H>לִ<h><H><h><qr>
357254	<QR><H>גְאָל<h><H>־<h><qr>
357781	<QR><H>רַהִיטֵ֖נוּ<h><H> <h><qr>
357920	<QR><H>הַ<h><H><h><qr>
357921	<QR><H>סְּתָ֖יו<h><H> <h><qr>
357956	<QR><H>לָ֛ךְ<h><H> <h><qr>
358351	<QR><H>בְּ<h><H><h><qr>
358352	<QR><H>אַחַ֣ת<h><H> <h><qr>
360687	<QR><H>עֵינֹ֖ו<h><H> <h><qr>
360846	<QR><H>רַגְלְךָ֗<h><H> <h><qr>
361018	<QR><H>ה֑וּא<h><H> <h><qr>
361052	<QR><H>רְא֥וּת<h><H> <h><qr>
361431	<QR><H>שֶׁ<h><H><h><qr>
361432	<QR><H>תַּקִּ֖יף<h><H> <h><qr>
361791	<QR><H>אַתָּ֖ה<h><H> <h><qr>
362423	<QR><H>יְחֻבַּ֔ר<h><H> <h><qr>
362777	<QR><H>כְּ<h><H><h><qr>
362778	<QR><H>שֶׁ<h><H><h><qr>
362779	<QR><H>סָּכָ֥ל<h><H> <h><qr>
362875	<QR><H>הַכְשֵׁ֖ר<h><H> <h><qr>
363020	<QR><H>כְּנָפַ֖יִם<h><H> <h><qr>
363363	<QR><H>יֵרָתֵק֙<h><H> <h><qr>
363612	<QR><H>מִ<h><H><h><qr>
363613	<QR><H>בַּת<h><H>־<h><qr>
363724	<QR><H>מַחֲמַדֵּיהֶ֛ם<h><H> <h><qr>
363864	<QR><H>הָֽ<h><H><h><qr>
363865	<QR><H>עַמִּ֗ים<h><H> <h><qr>
363987	<QR><H>וְ<h><H><h><qr>
363988	<QR><H>לֹ֣א<h><H> <h><qr>
364262	<QR><H>שְׁבוּתֵ֑ךְ<h><H> <h><qr>
364362	<QR><H>בַ<h><H><h><qr>
364363	<QR><H><h><H><h><qr>
364364	<QR><H>לַּ֗יְלָה<h><H> <h><qr>
364524	<QR><H>אֲרִ֖י<h><H> <h><qr>
364597	<QR><H>וְ<h><H><h><qr>
364598	<QR><H>תָשֹׁ֥וחַ<h><H> <h><qr>
364633	<QR><H>לְ<h><H><h><qr>
364634	<QR><H>קֹוָ֔יו<h><H> <h><qr>
364690	<QR><H>חֲסָדָֽיו<h><H>׃<h><qr>
364746	<QR><H>חֲטָאָֽיו<h><H>׃<h><qr>
364978	<QR><H>תַּנִּים֙<h><H> <h><qr>
364987	<QR><H>כַּ<h><H><h><qr>
364988	<QR><H><h><H><h><qr>
364989	<QR><H>יְעֵנִ֖ים<h><H> <h><qr>
365115	<QR><H>כֹּ֖ל<h><H> <h><qr>
365183	<QR><H>וּ<h><H><h><qr>
365184	<QR><H>זְקֵנִ֖ים<h><H> <h><qr>
365187	<QR><H>עֹודֵ֨ינוּ֙<h><H> <h><qr>
365248	<QR><H>יֹושֶׁ֖בֶת<h><H> <h><qr>
365279	<QR><H>הַבִּ֖יטָה<h><H> <h><qr>
365293	<QR><H>וְ<h><H><h><qr>
365294	<QR><H>אֵ֣ין<h><H> <h><qr>
365311	<QR><H>וְ<h><H><h><qr>
365312	<QR><H>לֹ֥א<h><H> <h><qr>
365324	<QR><H>וְ<h><H><h><qr>
365325	<QR><H>אֵינָ֔ם<h><H> <h><qr>
365326	<QR><H>וַ<h><H><h><qr>
365327	<QR><H>אֲנַ֖חְנוּ<h><H> <h><qr>
365439	<QR><H>וְֽ<h><H><h><qr>
365440	<QR><H>נָשׁ֔וּבָה<h><H> <h><qr>
365810	<QR><H>מְמוּכָ֗ן<h><H> <h><qr>
366731	<QR><H>כְּ<h><H><h><qr>
366732	<QR><H>אָמְרָ֤ם<h><H> <h><qr>
367194	<QR><H>וַ֠<h><H><h><qr>
367195	<QR><H>תָּבֹואנָה<h><H> <h><qr>
367286	<QR><H>בַּ<h><H><h><qr>
367287	<QR><H><h><H><h><qr>
367288	<QR><H>יְּהוּדִ֖ים<h><H> <h><qr>
368637	<QR><H>הַ<h><H><h><qr>
368638	<QR><H>יְּהוּדִ֑ים<h><H> <h><qr>
368828	<QR><H>בַּ<h><H><h><qr>
368829	<QR><H><h><H><h><qr>
368830	<QR><H>יְּהוּדִֽים<h><H>׃<h><qr>
369058	<QR><H>הַ<h><H><h><qr>
369059	<QR><H>יְּהוּדִ֤ים<h><H> <h><qr>
369060	<QR><H>עֲתִידִים֙<h><H> <h><qr>
369491	<QR><H>הַ<h><H><h><qr>
369492	<QR><H>יְּהוּדִ֣ים<h><H> <h><qr>
369573	<QR><H>וְ<h><H><h><qr>
369574	<QR><H>הַ<h><H><h><qr>
369575	<QR><H>יְּהוּדִ֣ים<h><H> <h><qr>
369606	<QR><H>הַ<h><H><h><qr>
369607	<QR><H>פְּרָזִ֗ים<h><H> <h><qr>
369834	<QR><H>וְ<h><H><h><qr>
369835	<QR><H>קִבְּל֣וּ<h><H> <h><qr>
370008	<QR><H>אֲחַשְׁוֵרֹ֧ושׁ<h><H> ׀ <h><qr>
370147	<QR><H>מוּם֩<h><H> <h><qr>
370611	<QR><H>לְ<h><H><h><qr>
370612	<QR><H>עַבְדָ֖ךְ<h><H> <h><qr>
370620	<QR><H>לְ<h><H><h><qr>
370621	<QR><H>כַשְׂדָּאֵ֔י<h><H> <h><qr>
370703	<QR><H>הִזְדְּמִנְתּוּן֙<h><H> <h><qr>
370721	<QR><H>כַשְׂדָּאֵ֤י<h><H> <h><qr>
370968	<QR><H>וּ<h><H><h><qr>
370969	<QR><H>נְהֹורָ֖א<h><H> <h><qr>
371064	<QR><H>הַֽ<h><H><h><qr>
371065	<QR><H>אִיתָ֣ךְ<h><H> <h><qr>
371120	<QR><H>אַ֣נְתְּ<h><H> <h><qr>
371165	<QR><H>אַ֣נְתְּ<h><H> <h><qr>
371206	<QR><H>מִנְּהֵין֙<h><H> <h><qr>
371209	<QR><H>וּ<h><H><h><qr>
371210	<QR><H>מִנְּהֵ֖ין<h><H> <h><qr>
371285	<QR><H>אַ֣נְתְּ<h><H> <h><qr>
371304	<QR><H>דָֽיְרִ֣ין<h><H> <h><qr>
371319	<QR><H>אַנְתְּ<h><H>־<h><qr>
371333	<QR><H>תְלִיתָאָ֤ה<h><H> <h><qr>
371344	<QR><H>רְבִ֣יעָאָ֔ה<h><H> <h><qr>
371374	<QR><H>מִנְּהֵ֞ין<h><H> <h><qr>
371378	<QR><H>וּ<h><H><h><qr>
371379	<QR><H>מִנְּהֵ֣ין<h><H> <h><qr>
371404	<QR><H>מִנְּהֵ֥ין<h><H> <h><qr>
371406	<QR><H>וּ<h><H><h><qr>
371407	<QR><H>מִנְּהֵ֣ין<h><H> <h><qr>
371418	<QR><H>וְ<h><H><h><qr>
371419	<QR><H>דִ֣י<h><H> <h><qr>
371676	<QR><H>וְ<h><H><h><qr>
371677	<QR><H>קָֽיְמִין֙<h><H> <h><qr>
371702	<QR><H>קַתְרֹ֨וס<h><H> <h><qr>
371749	<QR><H>קַתְרֹ֤וס<h><H> <h><qr>
371794	<QR><H>אַ֣נְתְּ<h><H> <h><qr>
371806	<QR><H>קַתְרֹ֨וס<h><H> <h><qr>
371809	<QR><H>וְ<h><H><h><qr>
371810	<QR><H>סוּפֹּ֣נְיָ֔ה<h><H> <h><qr>
371852	<QR><H>עֲלָ֤ךְ<h><H> <h><qr>
371855	<QR><H>לֵֽ<h><H><h><qr>
371856	<QR><H>אלָהָךְ֙<h><H> <h><qr>
371925	<QR><H>קַתְרֹ֣וס<h><H> <h><qr>
372008	<QR><H>אִיתַ֣נָא<h><H> <h><qr>
372026	<QR><H>אֶשְׁתַּנִּ֔י<h><H> <h><qr>
372075	<QR><H>פַּטְּשֵׁיהֹ֔ון<h><H> <h><qr>
372179	<QR><H>רְֽבִיעָאָ֔ה<h><H> <h><qr>
372203	<QR><H>עִלָּאָ֖ה<h><H> <h><qr>
372278	<QR><H>גֶשְׁמְהֹ֗ון<h><H> <h><qr>
372303	<QR><H>שָׁלוּ֙<h><H> <h><qr>
372352	<QR><H>דָיְרִ֥ין<h><H> <h><qr>
372365	<QR><H>עִלָּאָ֑ה<h><H> <h><qr>
372427	<QR><H>עָלִּ֗ין<h><H> <h><qr>
372430	<QR><H>כַּשְׂדָּאֵ֖י<h><H> <h><qr>
372537	<QR><H>יְדוּרָן֙<h><H> <h><qr>
372615	<QR><H>אֲנָשָׁ֣א<h><H> <h><qr>
372642	<QR><H>עִלָּאָ֜ה<h><H> <h><qr>
372645	<QR><H>אֲנָשָׁ֗א<h><H> <h><qr>
372656	<QR><H>עֲלַֽהּ<h><H>׃<h><qr>
372663	<QR><H>וְ<h><H><h><qr>
372664	<QR><H>אַ֨נְתְּ<h><H> <h><qr>
372680	<QR><H>וְ<h><H><h><qr>
372681	<QR><H>אַ֣נְתְּ<h><H> <h><qr>
372714	<QR><H>מָרִ֕י<h><H> <h><qr>
372716	<QR><H>לְ<h><H><h><qr>
372717	<QR><H>שָֽׂנְאָ֖ךְ<h><H> <h><qr>
372720	<QR><H>לְ<h><H><h><qr>
372721	<QR><H>עָרָֽךְ<h><H>׃<h><qr>
372760	<QR><H>אַנְתְּ<h><H>־<h><qr>
372833	<QR><H>עִלָּאָה֙<h><H> <h><qr>
372838	<QR><H>מָרִ֥י<h><H> <h><qr>
372867	<QR><H>עֲלָ֑ךְ<h><H> <h><qr>
372873	<QR><H>עִלָּאָה֙<h><H> <h><qr>
372905	<QR><H>עֲלָ֔ךְ<h><H> <h><qr>
372906	<QR><H>וַ<h><H><h><qr>
372907	<QR><H>חֲטָאָךְ֙<h><H> <h><qr>
372996	<QR><H>עֲלָ֑ךְ<h><H> <h><qr>
373002	<QR><H>עִלָּאָה֙<h><H> <h><qr>
373057	<QR><H>וּ<h><H><h><qr>
373058	<QR><H>לְ<h><H><h><qr>
373059	<QR><H>עִלָּאָה֙<h><H> <h><qr>
373080	<QR><H>דָּיְרֵ֤י<h><H> <h><qr>
373092	<QR><H>וְ<h><H><h><qr>
373093	<QR><H>דָיְרֵ֖י<h><H> <h><qr>
373246	<QR><H>נְפַ֨קָה֙<h><H> <h><qr>
373295	<QR><H>כַּשְׂדָּאֵ֖י<h><H> <h><qr>
373317	<QR><H>וְ<h><H><h><qr>
373318	<QR><H>הַֽמְנִיכָ֤ה<h><H> <h><qr>
373329	<QR><H>עָֽלִּ֔ין<h><H> <h><qr>
373339	<QR><H>וּ<h><H><h><qr>
373340	<QR><H>פִשְׁרֵ֖הּ<h><H> <h><qr>
373367	<QR><H>עַלַּ֑ת<h><H> <h><qr>
373463	<QR><H>אַנְתְּ<h><H>־<h><qr>
373480	<QR><H>עֲלָ֔ךְ<h><H> <h><qr>
373518	<QR><H>עֲלָ֔ךְ<h><H> <h><qr>
373520	<QR><H>תִכּ֥וּל<h><H> <h><qr>
373530	<QR><H>תִּכּ֨וּל<h><H> <h><qr>
373540	<QR><H>וְ<h><H><h><qr>
373541	<QR><H>הַֽמְנִיכָ֤ה<h><H> <h><qr>
373575	<QR><H>אַ֖נְתְּ<h><H> <h><qr>
373578	<QR><H>עִלָּאָ֔ה<h><H> <h><qr>
373602	<QR><H>זָיְעִ֥ין<h><H> <h><qr>
373657	<QR><H>שַׁוִּ֗יְו<h><H> <h><qr>
373678	<QR><H>עִלָּאָה֙<h><H> <h><qr>
373688	<QR><H>עֲלַֽהּ<h><H>׃<h><qr>
373689	<QR><H>וְ<h><H><h><qr>
373690	<QR><H>אַ֤נְתְּ<h><H> <h><qr>
373714	<QR><H>קָֽדָמָ֗ךְ<h><H> <h><qr>
373715	<QR><H>וְ<h><H><h><qr>
373716	<QR><H>אַ֨נְתְּ<h><H> <h><qr>
373717	<QR><H>וְ<h><H><h><qr>
373718	<QR><H>רַבְרְבָנָ֜ךְ<h><H> <h><qr>
373815	<QR><H>וְ<h><H><h><qr>
373816	<QR><H>הַֽמְנִיכָ֥א<h><H> <h><qr>
373836	<QR><H>כַשְׂדָּאָֽה<h><H>׃<h><qr>
373839	<QR><H>מָֽדָאָ֔ה<h><H> <h><qr>
374170	<QR><H>עֲלָ֤ךְ<h><H> <h><qr>
374261	<QR><H>אַ֤נְתְּ<h><H> <h><qr>
374348	<QR><H>אַ֤נְתְּ<h><H> <h><qr>
374388	<QR><H>קָֽדָמָךְ֙<h><H> <h><qr>
374470	<QR><H>דָיְרִ֥ין<h><H> <h><qr>
374486	<QR><H>זָיְעִין֙<h><H> <h><qr>
374542	<QR><H>פָּרְסָאָֽה<h><H>׃<h><qr>
374643	<QR><H>שִׁנַּ֑הּ<h><H> <h><qr>
374668	<QR><H>גַּבַּ֑הּ<h><H> <h><qr>
374688	<QR><H>רְֽבִיעָאָ֡ה<h><H> <h><qr>
374706	<QR><H>בְּ<h><H><h><qr>
374707	<QR><H>רַגְלַ֣הּ<h><H> <h><qr>
374731	<QR><H>בֵּֽינֵיהֵ֔ן<h><H> <h><qr>
374737	<QR><H>אֶתְעֲקַ֖רָה<h><H> <h><qr>
374739	<QR><H>קֳדָמַ֑הּ<h><H> <h><qr>
374789	<QR><H>אַלְפִין֙<h><H> <h><qr>
374793	<QR><H>רִבְבָ֖ן<h><H> <h><qr>
374957	<QR><H>כָּלְּהֵ֑ין<h><H> <h><qr>
374960	<QR><H>שִׁנַּ֤הּ<h><H> <h><qr>
374985	<QR><H>וּ<h><H><h><qr>
374986	<QR><H>נְפַ֥לָה<h><H> <h><qr>
374988	<QR><H>קֳדָמַ֖הּ<h><H> <h><qr>
375040	<QR><H>רְבִיעָאָה֙<h><H> <h><qr>
375082	<QR><H>עִלָּאָה֙<h><H> <h><qr>
375450	<QR><H>הוּרַ֣ם<h><H> <h><qr>
375856	<QR><H>הִרְשַׁ֣עְנוּ<h><H> <h><qr>
376011	<QR><H>דְּבָרֹ֣ו<h><H> ׀ <h><qr>
376168	<QR><H>פְּקַ֣ח<h><H> <h><qr>
376315	<QR><H>וּ<h><H><h><qr>
376316	<QR><H>לְ<h><H><h><qr>
376317	<QR><H>הָתֵ֤ם<h><H> <h><qr>
376318	<QR><H>חַטָּאת֙<h><H> <h><qr>
377124	<QR><H>וּ<h><H><h><qr>
377125	<QR><H>בָנָ֣יו<h><H> <h><qr>
377141	<QR><H>וְ<h><H><h><qr>
377142	<QR><H>יִתְגָּרֶ֖ה<h><H> <h><qr>
377144	<QR><H>מָעֻזֹּֽו<h><H>׃<h><qr>
377173	<QR><H>וְ<h><H><h><qr>
377174	<QR><H>רָ֣ם<h><H> <h><qr>
377308	<QR><H>וְ<h><H><h><qr>
377309	<QR><H>יָשֵׂ֧ם<h><H> ׀ <h><qr>
377733	<QR><H>יַכִּ֖יר<h><H> <h><qr>
378434	<QR><H>נְבוּכַדְנֶצַּ֥ר<h><H> <h><qr>
378796	<QR><H>שַׁלְמַ֖י<h><H> <h><qr>
378820	<QR><H>מְעוּנִ֖ים<h><H> <h><qr>
378822	<QR><H>נְפוּסִֽים<h><H>׃<h><qr>
379167	<QR><H>וַ<h><H><h><qr>
379168	<QR><H>יַּעֲל֨וּ<h><H> <h><qr>
379542	<QR><H>וְ<h><H><h><qr>
379543	<QR><H>לֹ֣ו<h><H> ׀ <h><qr>
379602	<QR><H>וּֽ<h><H><h><qr>
379603	<QR><H>מְבַהֲלִ֥ים<h><H> <h><qr>
379649	<QR><H>כְּנָוֹתָ֔יו<h><H> <h><qr>
379651	<QR><H>אַרְתַּחְשַׁ֖שְׂתְּ<h><H> <h><qr>
379693	<QR><H>אַרְכְּוָיֵ֤א<h><H> <h><qr>
379696	<QR><H>דֶּהָיֵ֖א<h><H> <h><qr>
379729	<QR><H>עַבְדָ֛ךְ<h><H> <h><qr>
379751	<QR><H>וּ<h><H><h><qr>
379752	<QR><H>בִֽישְׁתָּא֙<h><H> <h><qr>
379754	<QR><H>וְ<h><H><h><qr>
379755	<QR><H>שׁוּרַיָּ֣א<h><H> <h><qr>
379756	<QR><H>שַׁכְלִ֔ילוּ<h><H> <h><qr>
379975	<QR><H>אַרְתַּחְשַׁ֣שְׂתְּ<h><H> <h><qr>
380022	<QR><H>נְבִיָּ֗א<h><H> <h><qr>
380027	<QR><H>נְבִיַּיָּ֔א<h><H> <h><qr>
380062	<QR><H>נְבִיַּיָּ֥א<h><H> <h><qr>
380279	<QR><H>כַּסְדָּאָ֑ה<h><H> <h><qr>
380351	<QR><H>אֵ֚ל<h><H> <h><qr>
380745	<QR><H>נְבִיָּ֔א<h><H> <h><qr>
380820	<QR><H>לְ<h><H><h><qr>
380821	<QR><H>חַטָּאָ֤ה<h><H> <h><qr>
381272	<QR><H>עֲלָ֨ךְ<h><H> <h><qr>
381275	<QR><H>אֶחָ֜ךְ<h><H> <h><qr>
381429	<QR><H>דָּאיְנִין֙<h><H> <h><qr>
381469	<QR><H>לִ<h><H><h><qr>
381470	<QR><H>שְׁרֹשִׁ֔י<h><H> <h><qr>
381711	<QR><H>וְ<h><H><h><qr>
381712	<QR><H>זַכּ֑וּר<h><H> <h><qr>
381782	<QR><H>וָ<h><H><h><qr>
381783	<QR><H>אֲצַוֶּ֤ה<h><H> <h><qr>
381803	<QR><H>הַ<h><H><h><qr>
381804	<QR><H>נְּתִינִים֙<h><H> <h><qr>
381968	<QR><H>וָ<h><H><h><qr>
381969	<QR><H>אֶשְׁקֳלָ֣ה<h><H> <h><qr>
382748	<QR><H>עֵילָם֙<h><H> <h><qr>
382999	<QR><H>כִּ<h><H><h><qr>
383000	<QR><H>דְבָרְךָ֥<h><H> <h><qr>
383315	<QR><H>וְ<h><H><h><qr>
383316	<QR><H>רָמֹֽות<h><H>׃<h><qr>
383362	<QR><H>כְּלֽוּהוּ<h><H>׃<h><qr>
383368	<QR><H>וְ<h><H><h><qr>
383369	<QR><H>יַעֲשָֽׂי<h><H>׃<h><qr>
383398	<QR><H>יַדַּ֥י<h><H> <h><qr>
383404	<QR><H>נָשְׂא֖וּ<h><H> <h><qr>
383422	<QR><H>כִּסְלֵיו֙<h><H> <h><qr>
383640	<QR><H>וַ<h><H><h><qr>
383641	<QR><H>הֲבִֽיאֹותִים֙<h><H> <h><qr>
384048	<QR><H>הֵ֣ם<h><H> ׀ <h><qr>
384049	<QR><H>פְּרוּצִ֔ים<h><H> <h><qr>
384551	<QR><H>וְ<h><H><h><qr>
384552	<QR><H>יַעֲמִיד֙<h><H> <h><qr>
384651	<QR><H>זַכַּ֖י<h><H> <h><qr>
384821	<QR><H>אַחֲרָ֨יו<h><H> <h><qr>
384841	<QR><H>אַחֲרָ֣יו<h><H> <h><qr>
385147	<QR><H>בַּ<h><H><h><qr>
385148	<QR><H><h><H><h><qr>
385149	<QR><H>צְּחִיחִ֑ים<h><H> <h><qr>
385217	<QR><H>וַ<h><H><h><qr>
385218	<QR><H>נָּ֤שָׁב<h><H> <h><qr>
385580	<QR><H>וָ<h><H><h><qr>
385581	<QR><H>אֹמַ֕ר<h><H> <h><qr>
386387	<QR><H>וָ<h><H><h><qr>
386388	<QR><H>אֹמַ֣ר<h><H> <h><qr>
386855	<QR><H>נְפִֽישְׁסִֽים<h><H>׃<h><qr>
387851	<QR><H>אַתָּ֣ה<h><H> <h><qr>
388157	<QR><H>חֶ֖סֶד<h><H> <h><qr>
388812	<QR><H>נֵיבָֽי<h><H>׃<h><qr>
389542	<QR><H>יְדוּתֽוּן<h><H>׃<h><qr>
389833	<QR><H>וְ<h><H><h><qr>
389834	<QR><H>עֻנִּ֧י<h><H> <h><qr>
389885	<QR><H>לִ<h><H><h><qr>
389886	<QR><H>מְלִ֨יכוּ֙<h><H> <h><qr>
389897	<QR><H>לְ<h><H><h><qr>
389898	<QR><H>עִדֹּ֥וא<h><H> <h><qr>
390473	<QR><H>רָאשֵׁי֙<h><H> <h><qr>
391080	<QR><H>אַשְׁדֳּדִיֹּ֔ות<h><H> <h><qr>
391081	<QR><H>עַמֳּנִיֹּ֖ות<h><H> <h><qr>
391345	<QR><H>לוּדִ֧ים<h><H> <h><qr>
391761	<QR><H>עֲוִֽית<h><H>׃<h><qr>
391820	<QR><H>עַֽלְוָ֖ה<h><H> <h><qr>
392009	<QR><H>וְ<h><H><h><qr>
392010	<QR><H>אַחְיֹותֵיהֶ֖ם<h><H> <h><qr>
392523	<QR><H>יֹשְׁבֵ֣י<h><H> <h><qr>
392794	<QR><H>הֹודַוְיָ֡הוּ<h><H> <h><qr>
392899	<QR><H>וְ<h><H><h><qr>
392900	<QR><H>צֹ֖חַר<h><H> <h><qr>
393112	<QR><H>וְ<h><H><h><qr>
393113	<QR><H>תִילֹ֑ון<h><H> <h><qr>
393405	<QR><H>הַ<h><H><h><qr>
393406	<QR><H>מְּעוּנִ֨ים<h><H> <h><qr>
394178	<QR><H>בְּנֵי֙<h><H> <h><qr>
394279	<QR><H>צוּף֙<h><H> <h><qr>
394956	<QR><H>יָשׁ֥וּב<h><H> <h><qr>
395125	<QR><H>יְע֡וּשׁ<h><H> <h><qr>
395448	<QR><H>בִרְזָֽיִת<h><H>׃<h><qr>
395479	<QR><H>וְ<h><H><h><qr>
395480	<QR><H>רָהְגָּ֖ה<h><H> <h><qr>
395481	<QR><H>וְ<h><H><h><qr>
395482	<QR><H>חֻבָּ֥ה<h><H> <h><qr>
395794	<QR><H>וּ<h><H><h><qr>
395795	<QR><H>פְנוּאֵ֖ל<h><H> <h><qr>
396060	<QR><H>בָּנִ֔י<h><H> <h><qr>
396061	<QR><H>מִן<h><H>־<h><qr>
396536	<QR><H>פְּטוּרִ֑ים<h><H> <h><qr>
396565	<QR><H>יְעִיאֵ֑ל<h><H> <h><qr>
397212	<QR><H>הַ<h><H><h><qr>
397213	<QR><H>שָּׁ֣לִישִׁ֔ים<h><H> <h><qr>
397317	<QR><H>וַ<h><H><h><qr>
397318	<QR><H>יִּתְאָ֥יו<h><H> <h><qr>
397416	<QR><H>וְ<h><H><h><qr>
397417	<QR><H>לֹו<h><H>־<h><qr>
397687	<QR><H>וִֽ<h><H><h><qr>
397688	<QR><H>יעִיאֵ֔ל<h><H> <h><qr>
397774	<QR><H>וִ<h><H><h><qr>
397775	<QR><H>יזִיאֵ֥ל<h><H> <h><qr>
397817	<QR><H>הַ<h><H><h><qr>
397818	<QR><H>חֲרוּפִֽי<h><H>׃<h><qr>
397941	<QR><H>גְּדֹותָ֑יו<h><H> <h><qr>
398013	<QR><H>הַ<h><H><h><qr>
398014	<QR><H>שָּׁלִישִׁים֒<h><H> <h><qr>
398764	<QR><H>חוּרָ֨ם<h><H> <h><qr>
398894	<QR><H>פְּלִשְׁתִּ֔ים<h><H> <h><qr>
399457	<QR><H>מַחְצְרִים֙<h><H> <h><qr>
400973	<QR><H>לִ<h><H><h><qr>
400974	<QR><H>שְׁאָל<h><H>־<h><qr>
401731	<QR><H>יָעִ֗יר<h><H> <h><qr>
402635	<QR><H>בְּנִ֕י<h><H> <h><qr>
403059	<QR><H>שְׁלֹומִ֧ית<h><H> <h><qr>
403777	<QR><H>שָׁמִֽיר<h><H>׃<h><qr>
403886	<QR><H>הַֽ<h><H><h><qr>
403887	<QR><H>נִּבְּאִ֛ים<h><H> <h><qr>
404661	<QR><H>וּ<h><H><h><qr>
404662	<QR><H>שְׁלֹמִ֥ית<h><H> <h><qr>
405097	<QR><H>לַ<h><H><h><qr>
405098	<QR><H><h><H><h><qr>
405099	<QR><H>בֵּ֣ן<h><H> ׀ <h><qr>
405100	<QR><H>יְמִינִ֑י<h><H> <h><qr>
405394	<QR><H>שִׁרְטַ֖י<h><H> <h><qr>
406487	<QR><H>ה֖וּא<h><H> <h><qr>
408089	<QR><H>הַ<h><H><h><qr>
408090	<QR><H>יְמָנִי֙<h><H> <h><qr>
408336	<QR><H>חוּרָ֗ם<h><H> <h><qr>
408891	<QR><H>מַחְצְרִ֖ים<h><H> <h><qr>
408898	<QR><H>לַ<h><H><h><qr>
408899	<QR><H><h><H><h><qr>
408900	<QR><H>מְחַצְּרִ֨ים<h><H> <h><qr>
410162	<QR><H>מַחְצְרִ֣ים<h><H> <h><qr>
410796	<QR><H>הַ<h><H><h><qr>
410797	<QR><H>נִּצָּבִ֛ים<h><H> <h><qr>
411005	<QR><H>אֳנִיֹּ֗ות<h><H> <h><qr>
411262	<QR><H>חוּרָם֙<h><H> <h><qr>
411708	<QR><H>יֶעְדֹּ֣ו<h><H> <h><qr>
412495	<QR><H>בַּת<h><H>־<h><qr>
413323	<QR><H>מַחְצְרִ֖ים<h><H> <h><qr>
413421	<QR><H>עֶפְרַ֖יִן<h><H> <h><qr>
414708	<QR><H>וּ<h><H><h><qr>
414709	<QR><H>שְׁמִֽירָמֹ֡ות<h><H> <h><qr>
415104	<QR><H>מִיכָ֥יְהוּ<h><H> <h><qr>
415658	<QR><H>יָדְךָ֛<h><H> <h><qr>
418817	<QR><H>בְּ<h><H><h><qr>
418818	<QR><H>מַחֲלוּיִ֣ם<h><H> <h><qr>
418865	<QR><H>יִ֧רֶ֞ב<h><H> <h><qr>
419322	<QR><H>לְכָ֖ה<h><H> <h><qr>
419636	<QR><H>יְכָלְיָ֖ה<h><H> <h><qr>
419712	<QR><H>הָֽ<h><H><h><qr>
419713	<QR><H>עַרְבִ֛ים<h><H> <h><qr>
419814	<QR><H>יְעִיאֵ֣ל<h><H> <h><qr>
420082	<QR><H>הַֽ<h><H><h><qr>
420083	<QR><H>חָפְשִׁית֙<h><H> <h><qr>
421122	<QR><H>לְ<h><H><h><qr>
421123	<QR><H>זַֽעֲוָה֙<h><H> <h><qr>
421231	<QR><H>וִ<h><H><h><qr>
421232	<QR><H>יעִיאֵ֑ל<h><H> <h><qr>
421244	<QR><H>יְחִיאֵ֣ל<h><H> <h><qr>
421623	<QR><H>מַחְצְרִ֑ים<h><H> <h><qr>
422819	<QR><H>כָּֽנַנְיָ֣הוּ<h><H> <h><qr>
422849	<QR><H>כָּֽנַנְיָ֨הוּ֙<h><H> <h><qr>
423592	<QR><H>וּ<h><H><h><qr>
423593	<QR><H>מִֽיצִיאֵ֣י<h><H> <h><qr>
424251	<QR><H>וַ<h><H><h><qr>
424252	<QR><H>יִּ֨בֶן֙<h><H> <h><qr>
424557	<QR><H>מִזְבְּחֹותָ֑ם<h><H> <h><qr>
424576	<QR><H>בְּ<h><H><h><qr>
424577	<QR><H>חַרְבֹתֵיהֶ֖ם<h><H> <h><qr>
424685	<QR><H>וַ<h><H><h><qr>
424686	<QR><H>יָּשֻׁ֖בוּ<h><H> <h><qr>
425027	<QR><H>תָּקְהַ֗ת<h><H> <h><qr>
425094	<QR><H>וַֽ<h><H><h><qr>
425095	<QR><H>יְקַטְּרוּ֙<h><H> <h><qr>
425407	<QR><H>הַ<h><H><h><qr>
425408	<QR><H>מְּבִינִ֨ים<h><H> <h><qr>
425446	<QR><H>וְ<h><H><h><qr>
425447	<QR><H>הָכִ֥ינוּ<h><H> <h><qr>
425576	<QR><H>וְ֠<h><H><h><qr>
425577	<QR><H>כָֽנַנְיָהוּ<h><H> <h><qr>
426328	<QR><H>לִ<h><H><h><qr>
426329	<QR><H>מְעָל<h><H>־<h><qr>
426393	<QR><H>כַּשְׂדִּ֗ים<h><H> <h><qr>
