3897	<H>הַיְצֵ֣א<h>
4420	<H>אָהֳלֹֽו<h>
5645	<H>אָהֳלֹ֑ו<h>
5912	<H>אָֽהֳלֹו֙<h>
6246	<H>צְבֹויִ֔ם<h>
6354	<H>צְבֹויִ֔ם<h>
11761	<H>וַ<h>
11762	<H>יּוּשַׂ֤ם<h>
12783	<H>גֹויִם֙<h>
13684	<H>צָֽיִד<h>
14110	<H>וְ<h>
14111	<H>יִֽשְׁתַּחֲו֤וּ<h>
15746	<H>בָּ֣א<h>
15747	<H>גָ֑ד<h>
18151	<H>צַוָּארָ֖יו<h>
19427	<H>אָֽהֳלֹ֔ו<h>
19601	<H>יְע֥וּשׁ<h>
19769	<H>יְע֥וּשׁ<h>
21836	<H>אֲסִירֵ֥י<h>
24701	<H>וַ<h>
24702	<H>יִּֽשְׁתַּחֲוּֽוּ<h>
27914	<H>שִׁילֹ֔ו<h>
27923	<H>עִירֹ֔ו<h>
27939	<H>סוּתֹֽו<h>
30192	<H>מַה<h>
30193	<H>זֶּ֣ה<h>
37379	<H>וַ<h>
37380	<H>יִּלֹּ֜ונוּ<h>
37523	<H>תַלִּ֖ינוּ<h>
40140	<H>לֹ֥ו<h>
40666	<H>בְּעִירֹ֔ו<h>
40987	<H>כְסוּתֹו֙<h>
43528	<H>וְ<h>
43529	<H>עַמּוּדָ֣יו<h>
44203	<H>מִֽ<h>
44204	<H>טַּבְּעֹתָ֞יו<h>
46879	<H>בְּ<h>
46880	<H>רֵעֹ֑ו<h>
46926	<H>מִ<h>
46927	<H>יָּדָיו֙<h>
48666	<H>בְּרִיחָ֕יו<h>
50063	<H>קְצֹותָֽיו<h>
51145	<H>קְצֹותָ֖יו<h>
51662	<H>בְּרִיחָ֖יו<h>
57312	<H>יָדָ֛יו<h>
58183	<H>לֹ֤ו<h>
62666	<H>יָדָ֗יו<h>
65030	<H>יִקְרְח֤וּ<h>
66152	<H>וְ<h>
66153	<H>נִסְכֹּ֥ו<h>
67707	<H>לֹ֣ו<h>
69763	<H>קְרוּאֵ֣י<h>
77627	<H>עָנָ֣יו<h>
79134	<H>וַ<h>
79135	<H>יַּלִּ֤ינוּ<h>
80269	<H>תַלִּ֖ינוּ<h>
83722	<H>וַ<h>
83723	<H>יֹּ֖ורֶשׁ<h>
84904	<H>לְכָה<h>
86066	<H>קְרִיאֵ֣י<h>
90013	<H>תְנִיא֔וּן<h>
91464	<H>וְ<h>
91465	<H>הָיוּ֙<h>
94390	<H>בָּנָ֖יו<h>
96495	<H>מִצְוֹתָֽי<h>
97633	<H>מִצְוֹתָ֖יו<h>
98050	<H>מִצְוֹתָ֖יו<h>
101372	<H>הַ<h>
101373	<H>הִ֖יא<h>
104933	<H>שָֽׁפְכוּ֙<h>
105541	<H>הַֽ<h>
105542	<H>נַּעֲרָ֖ה<h>
105549	<H>הַֽ<h>
105550	<H>נַּעֲרָ֛ה<h>
105560	<H>הַֽ<h>
105561	<H>נַּעֲרָ֖ה<h>
105656	<H>לַֽ<h>
105657	<H><h>
105658	<H>נַּעֲרָֽה<h>
105662	<H>הַֽ<h>
105663	<H>נַּעֲרָ֜ה<h>
105722	<H>נַעֲרָ֣ה<h>
105755	<H>הַֽ<h>
105756	<H>נַּעֲרָ֗ה<h>
105791	<H>הַֽ<h>
105792	<H>נַּעֲרָה֙<h>
105812	<H>וְ<h>
105813	<H>לַֽ<h>
105814	<H><h>
105815	<H>נַּעֲרָה֙<h>
105820	<H>לַֽ<h>
105821	<H><h>
105822	<H>נַּעֲרָ֖ה<h>
105846	<H>הַֽ<h>
105847	<H>נַּעֲרָה֙<h>
105857	<H>נַעֲרָ֤ה<h>
105878	<H>הַֽ<h>
105879	<H>נַּעֲרָ֖ה<h>
107857	<H>מִצְוֹתָיו֙<h>
108612	<H>וּ<h>
108613	<H>בַ<h>
108614	<H><h>
108615	<H>טְּחֹרִ֔ים<h>
108676	<H>יִשְׁכָּבֶ֔נָּה<h>
110034	<H>וּ<h>
110035	<H>צְבֹויִ֔ם<h>
111601	<H>בָּ֣מֳתֵי<h>
112262	<H>אֵ֥שׁ<h>
112263	<H>דָּ֖ת<h>
112364	<H>בָּנָ֖יו<h>
113664	<H>אַחְיֹותַ֔י<h>
114012	<H>וּ<h>
114013	<H>בֵינָ֔יו<h>
114324	<H>מֵֽ<h>
114325	<H>אָדָ֤ם<h>
114776	<H>כַּ<h>
114777	<H>עֲלֹ֨ות<h>
114971	<H>עָבְרָ֑ם<h>
115440	<H>כְּ<h>
115441	<H>שָׁמְעֲכֶם֙<h>
115491	<H>וַ<h>
115492	<H>יֹּ֨אמֶר֙<h>
115550	<H>תֹּקְעֵ֖י<h>
115659	<H>הָלֹ֖וךְ<h>
116601	<H>וָ<h>
116602	<H>אֵ֣רֶא<h>
117078	<H>בֵּינָ֥יו<h>
117201	<H>בָּ<h>
117202	<H><h>
117203	<H>עַ֔י<h>
117878	<H>וַ<h>
117879	<H>יֹּ֥אמֶר<h>
117892	<H>אֶֽכְרָת<h>
121455	<H>וְ<h>
121456	<H>הָי֛וּ<h>
122032	<H>הַ<h>
122033	<H>גָּדֹ֖ול<h>
122073	<H>וְ<h>
122074	<H>יָנ֥וּם<h>
122161	<H>יָכְל֥וּ<h>
122231	<H>תֹצְאֹתָ֖יו<h>
123138	<H>וְ<h>
123139	<H>הָיוּ֙<h>
123188	<H>וְ<h>
123189	<H>הָי֣וּ<h>
123288	<H>וְ<h>
123289	<H>הָי֣וּ<h>
123290	<H>תֹּצְאֹ֣ות<h>
123356	<H>הָֽ<h>
123357	<H>עַמֹּנָ֛ה<h>
123685	<H>וְ<h>
123686	<H>שַׁחֲצִ֨ימָה֙<h>
123799	<H>וְ<h>
123800	<H>הָי֧וּ<h>
124347	<H>גֹּולָ֥ן<h>
124906	<H>גֹּולָ֤ן<h>
125395	<H>בְּ<h>
125396	<H>עֵ֥בֶר<h>
126707	<H>וָ<h>
126708	<H>אַרְבֶּה֙<h>
126818	<H>וָ<h>
126819	<H>אָבִ֣יא<h>
127024	<H>מֵ<h>
127025	<H>עֵ֣בֶר<h>
128003	<H>יֹשְׁבֵ֨י<h>
129625	<H>בְּ<h>
129626	<H>צַעֲנַנִּ֖ים<h>
130510	<H>וּ<h>
130511	<H>בָ֤אוּ<h>
131762	<H>צְלִ֜יל<h>
132004	<H>וַ<h>
132005	<H>יָּנֽוּסוּ<h>
133053	<H>מָלְכָ֥ה<h>
133118	<H>מָלְכִ֥י<h>
135314	<H>וְ<h>
135315	<H>רֵעֹותָֽי<h>
136074	<H>דְבָרְךָ֖<h>
137645	<H>לִ֖י<h>
137732	<H>הָ<h>
137733	<H>אֲסוּרִֽים<h>
137794	<H>כְּ<h>
137795	<H>טֹ֣וב<h>
137811	<H>הָ<h>
137812	<H>אֲסוּרִ֗ים<h>
137835	<H>וַ<h>
137836	<H>הֲמִשֵׁ֨נִי֙<h>
138021	<H>וְ<h>
138022	<H>אַ֤תְּ<h>
139141	<H>לַ<h>
139142	<H>הֲשִׁיבָ֔הּ<h>
139399	<H>לְכָ֥ה<h>
139597	<H>וַ<h>
139598	<H>יָּ֖בָל<h>
139748	<H>כַּ<h>
139749	<H>עֲלֹ֥ות<h>
140161	<H>בְּנֵ֣י<h>
140162	<H>בִנְיָמִ֔ן<h>
141393	<H>וַ<h>
141394	<H>יְצַוּ֕וּ<h>
141443	<H>לָ<h>
141444	<H>רִ֣יב<h>
142158	<H>וְ<h>
142159	<H>לֹ֥ו<h>
142226	<H>חֲסִידָיו֙<h>
142242	<H>מְרִיבָ֗יו<h>
142243	<H>עָלָיו֙<h>
142409	<H>לֹא֙<h>
142901	<H>וְ<h>
142902	<H>עֵינָיו֙<h>
143221	<H>בְּ<h>
143222	<H>עֵינָ֖יו<h>
143577	<H>יַ֥ד<h>
143943	<H>בַּ<h>
143944	<H><h>
143945	<H>טְּחֹרִ֔ים<h>
144032	<H>טְחֹרִֽים<h>
144112	<H>בַּ<h>
144113	<H><h>
144114	<H>טְּחֹרִ֑ים<h>
144195	<H>טְחֹרֵ֣י<h>
144212	<H>טְחֹרֵיכֶ֜ם<h>
144884	<H>וַ<h>
144885	<H>יַּעֲלֵ֧הוּ<h>
145118	<H>בִּ<h>
145119	<H>דְרָכָ֔יו<h>
145487	<H>מִ<h>
145488	<H>בִּנְיָמִ֗ין<h>
146160	<H>הַ<h>
146161	<H>גָּ֣גָה<h>
146383	<H>תָבֹ֛אנָה<h>
146688	<H>לְ<h>
146689	<H>מִשְׁפְּחֹתָ֔יו<h>
146964	<H>כְּ<h>
146965	<H>שָׁמְעֹ֖ו<h>
147050	<H>כְּ<h>
147051	<H>חֹ֣ם<h>
147433	<H>וַ<h>
147434	<H>יֹּאמְר֣וּ<h>
147973	<H>וַ<h>
147974	<H>יֹּ֣וחֶל<h>
148217	<H>אָמְר֣וּ<h>
148948	<H>וַ<h>
148949	<H>תָּאֹ֖רְנָה<h>
149038	<H>וַ<h>
149039	<H>יַּ֤עַט<h>
149043	<H>הַ<h>
149044	<H>שָּׁלָ֔ל<h>
149891	<H>וַ<h>
149892	<H>יֹּ֥אמֶר<h>
150890	<H>וְ<h>
150891	<H>עֵ֣ץ<h>
151252	<H>מִ<h>
151253	<H>מַּעַרְכֹ֣ות<h>
152173	<H>וַ<h>
152174	<H>יֶּאֱהָבֵ֥הוּ<h>
152276	<H>לָ<h>
152277	<H>שִׁ֣יר<h>
152303	<H>בַּ<h>
152304	<H>אֲלָפָ֔יו<h>
152342	<H>עֹויֵ֣ן<h>
152444	<H>דְּרָכָ֖יו<h>
152599	<H>עֲבָדָ֗יו<h>
153247	<H>בְּ<h>
153248	<H>נָֽיֹות<h>
153257	<H>בְּ<h>
153258	<H>נָיֹ֖ות<h>
153343	<H>בְּ<h>
153344	<H>נָיֹ֥ות<h>
153352	<H>נָיֹ֖ות<h>
153370	<H>בְּ<h>
153371	<H>נָיֹ֥ות<h>
153411	<H>מִ<h>
153412	<H>נָּיֹ֖ות<h>
153444	<H>לֹֽא<h>
153445	<H>יַעֲשֶׂ֨ה<h>
153924	<H>אֶל<h>
154255	<H>הַ֣<h>
154256	<H>חִצִּ֔ים<h>
154671	<H>בַּ<h>
154672	<H>אֲלָפָ֔יו<h>
154675	<H>בְּ<h>
154676	<H>רִבְבֹתָֽיו<h>
154705	<H>וַ<h>
154706	<H>יְתָיו֙<h>
155038	<H>אֵלָיו֙<h>
155099	<H>לִ<h>
155100	<H>שְׁאָל<h>
155170	<H>אָזְנִ֑י<h>
155190	<H>לְ<h>
155191	<H>דֹואֵ֔ג<h>
155201	<H>דֹּואֵ֣ג<h>
155292	<H>דֹּואֵ֣ג<h>
155416	<H>וַ<h>
155417	<H>אֲנָשָׁ֨יו<h>
156059	<H>אֹֽיִבְךָ֙<h>
156163	<H>מֵֽ<h>
156164	<H>הַ<h>
156165	<H>מְּעָרָ֔ה<h>
156387	<H>וְ<h>
156388	<H>אַתָּה֙<h>
156561	<H>כָלִבִּֽי<h>
156881	<H>אֲבִיגַ֡יִל<h>
156893	<H>עֲשׂוּיֹות֙<h>
157292	<H>וַ<h>
157293	<H>תָּבֹאת֙<h>
157672	<H>סְבִיבֹתָֽיו<h>
157728	<H>מְרַאֲשֹׁתָ֑יו<h>
157735	<H>סְבִיבֹתָֽיו<h>
157821	<H>מְרַאֲשֹׁתָ֛יו<h>
157976	<H>מְרַאֲשֹׁתָֽיו<h>
158115	<H>חֲנִ֣ית<h>
158292	<H>יָסַ֥ף<h>
158374	<H>וְ<h>
158375	<H>הַ<h>
158376	<H>גִּזְרִ֖י<h>
158685	<H>קָֽסֳמִי<h>
159273	<H>בְּ<h>
159274	<H>רִבְבֹתָֽיו<h>
159563	<H>בָּנָ֣יו<h>
160632	<H>וָ<h>
160633	<H>אֹמַ֣ר<h>
160686	<H>בִּ<h>
160687	<H>בְגָדָ֖יו<h>
160781	<H>דָּמְךָ֖<h>
161461	<H>תַּחְתָּ֑יו<h>
161708	<H>וַ<h>
161709	<H>יִּוָּלְד֧וּ<h>
161726	<H>לַ<h>
161727	<H>אֲבִיגַ֕יִל<h>
161912	<H>תַּחְתָּ֥יו<h>
162002	<H>לָֽיִשׁ<h>
162248	<H>מֹ֣ובָאֶ֔ךָ<h>
162954	<H>הָיִ֛יתָ<h>
162955	<H>הַ<h>
162956	<H>מֹּוצִ֥יא<h>
162957	<H>וְ<h>
162958	<H>הַ<h>
162959	<H>מֵּבִ֖יא<h>
163109	<H>שְׂנֻאֵ֖י<h>
163379	<H>כְּֽ<h>
163380	<H>שָׁמְעֲךָ֞<h>
164660	<H>פְּרָֽת<h>
165485	<H>יִשְׂרָאֵ֔ל<h>
166255	<H>וַ<h>
166256	<H>יֹּר֨וּ<h>
166257	<H>הַ<h>
166258	<H>מֹּורִ֤ים<h>
166573	<H>בְּ<h>
166574	<H>עֵינַי֒<h>
166851	<H>שִׂמְלֹתָ֔יו<h>
166913	<H>וְ<h>
166914	<H>חַנַּ֥נִי<h>
166955	<H>וַ<h>
166956	<H>תִּקְרָ֤א<h>
167099	<H>בַּ<h>
167100	<H><h>
167101	<H>מַּלְבֵּ֔ן<h>
167308	<H>וַ<h>
167309	<H>תָּ֨לָשׁ֙<h>
167914	<H>עֵינָ֔יו<h>
167981	<H>עַמִּיה֖וּד<h>
168180	<H>שִׂים<h>
168255	<H>מֵ<h>
168256	<H>הַרְבַּ֞ת<h>
168604	<H>עַבְדֶּֽךָ<h>
168762	<H>וְ<h>
168763	<H>הַצִּית֣וּהָ<h>
169059	<H>יָשֹׁ֨וב<h>
169324	<H>אֲנִֽיעֲךָ֤<h>
169536	<H>בְּ<h>
169537	<H>עַֽרְבֹ֖ות<h>
169793	<H>וְ<h>
169794	<H>הַ<h>
169795	<H>לֶּ֤חֶם<h>
169942	<H>תַּחְתָּ֔יו<h>
169997	<H>כֹּ֣ה<h>
169999	<H>כִּ֤י<h>
170048	<H>בְּ<h>
170049	<H>עֵינִ֑י<h>
170176	<H>לֹ֥ו<h>
170274	<H>אִ֖ישׁ<h>
170551	<H>בְּ<h>
170552	<H>אַחַ֤ד<h>
171140	<H>לַ<h>
171141	<H>עְזֹֽור<h>
171251	<H>נָפֹ֖וצֶת<h>
171372	<H>וְ<h>
171373	<H>ל֨וּ<h>
171411	<H>בְ<h>
171412	<H>נַפְשִׁי֙<h>
171512	<H>לְ<h>
171513	<H>אֹהָלָֽיו<h>
171520	<H>בְ<h>
171521	<H>חַיָּיו֙<h>
171598	<H>עַל<h>
171599	<H>כֵּ֥ן<h>
172094	<H>ל֣וּ<h>
172430	<H>בְּ<h>
172431	<H>עֵינָ֑יו<h>
172757	<H>הַ<h>
172758	<H>יַּרְדֵּֽן<h>
172963	<H>הֶעֱבִ֣ירוּ<h>
173204	<H>וַ<h>
173205	<H>יֹּ֕וחֶר<h>
173284	<H>וְ<h>
173285	<H>עָלָ֞יו<h>
173448	<H>וַ<h>
173449	<H>יִּקָּ֣הֲל֔וּ<h>
173674	<H>הַ<h>
173675	<H>כְּרֵתִ֖י<h>
173691	<H>וּ<h>
173692	<H>שְׁוָ֖א<h>
173806	<H>לָ֜נוּ<h>
173850	<H>יֻתַּן<h>
173943	<H>שְׁבַעְתָּ֖ם<h>
173945	<H>וְ<h>
173946	<H>הֵ֨מָּה<h>
173954	<H>בִּ<h>
173955	<H>תְחִלַּ֖ת<h>
174035	<H>תְּלָא֥וּם<h>
174036	<H>שָׁ֨מָּה֙<h>
174037	<H>פְּלִשְׁתִּ֔ים<h>
174119	<H>וְ<h>
174120	<H>יִשְׁבִּ֨י<h>
174240	<H>מָדֹ֗ון<h>
174269	<H>שִׁמְעָ֖ה<h>
174377	<H>וַ<h>
174378	<H>יִּתְגָּעַ֤שׁ<h>
174453	<H>וַ<h>
174454	<H>יָּהֹֽם<h>
174525	<H>מִשְׁפָּטָ֖יו<h>
174625	<H>דַּרְכִּֽי<h>
174627	<H>רַגְלַ֖י<h>
174788	<H>מִגְדֹּ֖ול<h>
174937	<H>הָֽ<h>
174938	<H>עֶצְנִ֔י<h>
174945	<H>אֶחָֽת<h>
174946	<H>וְ<h>
174947	<H>אַחֲרָ֛יו<h>
174950	<H>דֹּדֹ֖ו<h>
174955	<H>הַ<h>
174956	<H>גִּבֹּרִ֜ים<h>
175054	<H>שְׁלֹשָׁ֜ה<h>
175169	<H>הַ<h>
175170	<H>שְּׁלֹשָׁ֔ה<h>
175209	<H>חַ֛יִל<h>
175226	<H>הָ<h>
175227	<H>אֲרִ֛י<h>
175242	<H>אִ֣ישׁ<h>
175381	<H>חֶצְרַי֙<h>
175401	<H>נֹשֵׂ֕א<h>
175769	<H>רַֽחֲמָ֔יו<h>
175837	<H>הָ<h>
175838	<H>אֲרַ֥וְנָה<h>
175898	<H>אֲרַ֥וְנָה<h>
175980	<H>בְּ<h>
175981	<H>עֵינָ֑יו<h>
176653	<H>עַבְדְּךָ֔<h>
176877	<H>יִֽהְיֶ֣ה<h>
177122	<H>אֱלֹהִ֜ים<h>
177814	<H>וַ<h>
177815	<H>יֹּֽושִׁיבַ֨נִי֙<h>
179169	<H>הָ<h>
179170	<H>אֶחָ֖ד<h>
179709	<H>רַגְלָֽי<h>
180158	<H>יָצִ֨יעַ֙<h>
180176	<H>הַ<h>
180177	<H>יָּצִ֨יעַ<h>
180286	<H>הַ<h>
180287	<H>יָּצִ֨יעַ֙<h>
180401	<H>מִֽ<h>
180402	<H>יַּרְכְּתֵ֤י<h>
180507	<H>בְּ<h>
180508	<H>רַתּוּקֹ֤ות<h>
180838	<H>מִשְׁפָּטָ֑יו<h>
181286	<H>הַ<h>
181287	<H>שְּׂבָכָ֑ה<h>
181366	<H>וְ<h>
181367	<H>קָו֙<h>
181666	<H>מִסְגְּרֹתֶ֔יהָ<h>
181892	<H>הָ<h>
181893	<H>אֵ֔לֶּה<h>
182634	<H>דְּבָ֣רְךָ֔<h>
183225	<H>בָּנִ֥יתִי<h>
183902	<H>וַ<h>
183903	<H>יִּשְׁתַּחֲו֥וּ<h>
184102	<H>תַּדְמֹ֥ר<h>
184429	<H>מְשָׁרְתָ֜יו<h>
185982	<H>וַ<h>
185983	<H>יָּבֹ֥א<h>
186063	<H>וַ<h>
186064	<H>יְדַבְּרוּ֙<h>
186206	<H>וַ<h>
186207	<H>יָּבֹ֨וא<h>
186442	<H>וַ<h>
186443	<H>יָּבֹ֣א<h>
186757	<H>מִ<h>
186758	<H>לִּבֹּ֑ו<h>
187661	<H>אַ֖תְּ<h>
188236	<H>שִׁישַׁ֥ק<h>
188606	<H>וְ<h>
188607	<H>קָדְשֵׁ֖י<h>
188669	<H>הַ<h>
188670	<H>מֶּ֔לֶךְ<h>
189457	<H>חַטֹּאתָיו֙<h>
189622	<H>וּ<h>
189623	<H>בְ<h>
189624	<H>חַטָּאתֹ֔ו<h>
189798	<H>וּ<h>
189799	<H>בִ<h>
189800	<H>שְׂג֤וּב<h>
190105	<H>תֵּת<h>
190121	<H>הִֽיא<h>
190122	<H>וָ<h>
190123	<H>ה֛וּא<h>
191161	<H>וּ<h>
191162	<H>בִ<h>
191163	<H>דְבָרְךָ֣<h>
191300	<H>בִּרְכָּֽיו<h>
191476	<H>אֶחָ֑ד<h>
192939	<H>מֵ<h>
192940	<H>עֲלֵ֖י<h>
193183	<H>סְפָרִ֗ים<h>
193467	<H>מֵבִ֤יא<h>
193638	<H>אָבִ֤יא<h>
193929	<H>דְבָרְךָ֗<h>
194644	<H>עָשָׂה֩<h>
194657	<H>נִשְׁבְּר֥וּ<h>
195654	<H>הַ<h>
195655	<H>גֵּאָיֹ֑ות<h>
196359	<H>וַ<h>
196360	<H>יַּכּוּ<h>
196504	<H>לָ֖ךְ<h>
196533	<H>שְׁכֵנָ֑יִךְ<h>
196577	<H>מֹוצָֽקֶת<h>
196620	<H>נִשְׁיֵ֑ךְ<h>
196623	<H>וּ<h>
196624	<H>בָנַ֔יִךְ<h>
196808	<H>אַ֖תְּ<h>
196928	<H>אַ֣תְּ<h>
196929	<H>הֹלֶ֤כֶת<h>
197192	<H>כַּפָּ֔יו<h>
197671	<H>בְּ<h>
197672	<H>סוּסָ֣יו<h>
197737	<H>אֲמָנָ֨ה<h>
197922	<H>יִסְלַח<h>
198091	<H>מֵ<h>
198092	<H>אַ֖יִן<h>
198333	<H>וְ<h>
198334	<H>הִזְהִירֹ֖ו<h>
198695	<H>דִּבְיֹונִ֖ים<h>
199281	<H>בַ<h>
199282	<H><h>
199283	<H>שָּׂדֶה֙<h>
199321	<H>הֲמֹ֤ון<h>
199372	<H>בְּ<h>
199373	<H>חָפְזָ֑ם<h>
199536	<H>אַ֣תְּ<h>
199806	<H>לֹ֖ו<h>
199962	<H>שָׁנִ֔ים<h>
200593	<H>לְ<h>
200594	<H>הַגִּ֥יד<h>
200835	<H>שָֽׁלִשֹׁ֔ו<h>
201012	<H>שִׁמְט֖וּהָ<h>
201097	<H>וְֽ<h>
201098	<H>הָיְתָ֞ה<h>
201809	<H>לְ<h>
201810	<H>מֹֽוצָאֹ֖ות<h>
202004	<H>רָאֲתָ֖ה<h>
202038	<H>הַ<h>
202039	<H>מּ֣וּמָתִ֔ים<h>
202083	<H>הַ<h>
202084	<H>מֵּאֹ֗ות<h>
202207	<H>הַ<h>
202208	<H>מֵּאֹ֗ות<h>
202240	<H>הַ<h>
202241	<H>מֵּאֹ֗ות<h>
202383	<H>הַ<h>
202384	<H>מֵּאֹ֣ות<h>
202473	<H>מִזְבְּחֹתָ֤יו<h>
202559	<H>הַ<h>
202560	<H>מֶּֽלֶךְ<h>
202763	<H>מִ<h>
202764	<H>יָּמִ֗ין<h>
202826	<H>יְדֵי֙<h>
202830	<H>הַ<h>
202831	<H>מֻּפְקָדִ֖ים<h>
203194	<H>הֶחֱטִ֥יא<h>
203662	<H>יְהֹֽועַדָּ֖ן<h>
203752	<H>יוּמָֽת<h>
203759	<H>מֶ֨לַח֙<h>
203899	<H>לְ<h>
203900	<H>אֹהָלָֽיו<h>
203916	<H>וַ<h>
203917	<H>יָּבֹא֙<h>
204757	<H>הַ<h>
204758	<H>מֶּ֨לֶךְ֙<h>
205167	<H>וַֽ<h>
205168	<H>אֲדֹמִים֙<h>
205400	<H>וַ<h>
205401	<H>יְצַוֶּ֣ה<h>
205489	<H>אֶת<h>
205513	<H>מוּסַ֨ךְ<h>
205826	<H>נְבִיאֵ֨י<h>
205922	<H>שְׁנֵ֣י<h>
206030	<H>וַ<h>
206031	<H>יַּדַּ֨ח<h>
206294	<H>אֱלֹהֵ֥י<h>
206295	<H>סְפַרְוָֽיִם<h>
207179	<H>צֹואָתָ֗ם<h>
207184	<H>מֵֽימֵי<h>
207185	<H>רַגְלֵיהֶ֖ם<h>
207878	<H>בְּ<h>
207879	<H>רֹ֥ב<h>
207896	<H>קִצֹּ֔ו<h>
208051	<H>צְבָ֖אֹות<h>
208168	<H>בָּנָיו֙<h>
208259	<H>חָצֵ֖ר<h>
208464	<H>נְכֹתֹ֡ו<h>
208600	<H>יִקָּ֑חוּ<h>
208946	<H>שֹׁ֣מְעָ֔הּ<h>
209319	<H>וְ<h>
209320	<H>יִתְּנֻ֗הוּ<h>
209328	<H>בֵּ֣ית<h>
210106	<H>בֶן<h>
210770	<H>מִ<h>
210771	<H>מְּלֹ֖ךְ<h>
210873	<H>זְבוּדָּ֥ה<h>
211076	<H>עָל֗וּ<h>
211177	<H>עֲשֶׂ֤רֶת<h>
211214	<H>אֵילֵ֣י<h>
211279	<H>חֲמוּטַ֥ל<h>
211700	<H>אַמֹּות֒<h>
213126	<H>מַּה<h>
213127	<H>לָּכֶם֙<h>
213148	<H>נְטוּיֹ֣ות<h>
213933	<H>יִשְׁאַ֨ג<h>
215176	<H>לֹ֖ו<h>
215251	<H>לְ<h>
215252	<H>מַרְבֵּ֨ה<h>
215614	<H>וּ<h>
215615	<H>לְ<h>
215616	<H>שׂוּמֹ֥ו<h>
215737	<H>וַ<h>
215738	<H>עֲתוּדֹֽותֵיהֶם֙<h>
216050	<H>בַּת<h>
216477	<H>מוּדַ֥עַת<h>
216723	<H>תִּשָּׁכַֽבְנָה<h>
217492	<H>הָבִ֤יאִי<h>
218033	<H>אֶשְׁקֳטָ֖ה<h>
219559	<H>כִּתִּים֙<h>
219580	<H>בַחוּנָ֗יו<h>
220248	<H>בְּמֹ֥ו<h>
220527	<H>דְּלָתְךָ֖<h>
220534	<H>יַעֲבָר<h>
221072	<H>שֹׁ֣וט<h>
221075	<H>יַֽעֲבֹר֙<h>
221542	<H>סֵ֛פֶר<h>
222431	<H>בָּֽם<h>
222438	<H>הִ֛יא<h>
222763	<H>עֲנִיִּים֙<h>
222864	<H>וְ<h>
222865	<H>הַ<h>
222866	<H>כַּרְמֶ֖ל<h>
224037	<H>צֹואָתָ֗ם<h>
224042	<H>מֵימֵ֥י<h>
224043	<H>רַגְלֵיהֶ֖ם<h>
224854	<H>וְ<h>
224855	<H>אִכְל֥וּ<h>
225406	<H>נְכֹתֹ֡ו<h>
226434	<H>וְ<h>
226435	<H>נִרְאֶ֥ה<h>
226832	<H>רָאֹ֥ות<h>
226888	<H>לִ<h>
226889	<H>מְשִׁיסָּ֧ה<h>
227657	<H>יִסְגָּד<h>
227809	<H>מֵ<h>
227810	<H>אִתִּֽי<h>
227905	<H>אֲיַשֵּׁ֑ר<h>
228488	<H>עֲצָתִ֑י<h>
228737	<H>הֹבְרֵ֣י<h>
229220	<H>לֹ֣ו<h>
229243	<H>וּ<h>
229244	<H>נְצוּרֵ֥י<h>
229387	<H>וּ<h>
229388	<H>פִצְח֥וּ<h>
230328	<H>הִֽתְפַּתְּחִי֙<h>
230366	<H>מַה<h>
230367	<H>לִּי<h>
230375	<H>מֹשְׁלָ֤יו<h>
231012	<H>הִנֵּ֤ה<h>
231294	<H>וְ<h>
231295	<H>תַ֥חַת<h>
231497	<H>צֹפָ֞יו<h>
231865	<H>נִ֣יב<h>
232204	<H>בָּ֣מֳתֵי<h>
232997	<H>מַטָּעַ֛י<h>
233279	<H>וּ<h>
233280	<H>צְנִ֥יף<h>
233604	<H>לֹ֣ו<h>
234020	<H>וּ<h>
234021	<H>מְרַ֥ק<h>
234076	<H>אֶל<h>
234786	<H>אַחַת֙<h>
235068	<H>אֶצָּרְךָ֤<h>
235397	<H>תְּבוּאָתֹ֑ו<h>
235622	<H>נִצְּת֖וּ<h>
235629	<H>וְ<h>
235630	<H>תַחְפַּנְחֵ֑ס<h>
235704	<H>אֶעֱבֹ֑ור<h>
235776	<H>נַפְשָׁהּ֙<h>
235793	<H>וּ<h>
235794	<H>גְרֹונֵ֖ךְ<h>
235834	<H>יְלִדְתָּ֔נוּ<h>
235936	<H>לִמַּ֖דְתְּ<h>
236051	<H>שֻׁכַּ֔בְּתְּ<h>
236088	<H>קָרָ֥את<h>
236103	<H>דִבַּ֛רְתְּ<h>
236152	<H>וַ<h>
236153	<H>תֵּ֛רֶא<h>
236438	<H>תִּקְרְאִי<h>
236444	<H>תָשֽׁוּבִי<h>
236635	<H>תִּקְע֥וּ<h>
236885	<H>אֹוחִ֜ילָה<h>
236896	<H>שָׁמַ֣עַתְּ<h>
237063	<H>וְ<h>
237064	<H>אַ֨תְּ<h>
237232	<H>אֶֽסְלַֽח<h>
237559	<H>יֹורֶ֥ה<h>
237761	<H>בַּ֨יִר֙<h>
238054	<H>וְ<h>
238055	<H>אָבָֽדוּ<h>
238111	<H>תֵּֽצְאוּ֙<h>
238119	<H>תֵּלֵ֑כוּ<h>
238172	<H>מֵ<h>
238173	<H>אֵ֖שׁ<h>
238174	<H>תַּ֣ם<h>
238650	<H>הֹוצִיאִ֥י<h>
238953	<H>יֹוצִ֣יאוּ<h>
239101	<H>בִּ<h>
239102	<H>מְר֣וּצָתָ֔ם<h>
239118	<H>וְ<h>
239119	<H>סִיס֙<h>
239516	<H>שָׁח֛וּט<h>
240117	<H>הָ<h>
240118	<H>אָ֑רֶץ<h>
240175	<H>יֹשֶׁ֖בֶת<h>
241517	<H>וְ<h>
241518	<H>שִׁ֖ית<h>
241570	<H>שְׂא֤וּ<h>
241572	<H>וּ<h>
241573	<H>רְא֔וּ<h>
241714	<H>צְעִירֵיהֶ֖ם<h>
241949	<H>וֶֽ<h>
241950	<H>אֱלִיל֙<h>
241951	<H>וְ<h>
241952	<H>תַרְמִ֣ית<h>
242268	<H>לְ<h>
242269	<H>זַֽעֲוָ֔ה<h>
242338	<H>אַלְמְנֹותָיו֙<h>
242363	<H>בָּ֥א<h>
242408	<H>שֵֽׁרִיתִ֖ךָ<h>
242491	<H>דְבָֽרְךָ֙<h>
242994	<H>לְ<h>
242995	<H>דַיָּגִ֥ים<h>
243256	<H>יִרְאֶה֙<h>
243297	<H>כִּ<h>
243298	<H>דְרָכָ֔יו<h>
243315	<H>יָמָיו֙<h>
243335	<H>וְ<h>
243336	<H>סוּרַי֙<h>
243426	<H>הָ<h>
243427	<H>עָ֔ם<h>
243523	<H>שְׁמֹ֔ועַ<h>
243561	<H>בֹּ֖ו<h>
243705	<H>וְ<h>
243706	<H>הִנֵּה<h>
243707	<H>ה֛וּא<h>
243829	<H>הָ<h>
243830	<H>רַע֙<h>
243954	<H>שְׁרִיקֹ֣ת<h>
244084	<H>שׁוּחָה֙<h>
244114	<H>וְ<h>
244115	<H>יִהְי֤וּ<h>
244151	<H>הַֽ<h>
244152	<H>חַרְסִ֑ית<h>
244504	<H>מֵבִ֜יא<h>
245185	<H>וְ<h>
245186	<H>חָיָ֔ה<h>
245257	<H>מַעַלְלֵיכֶֽם<h>
245398	<H>וַ<h>
245399	<H>עֲבָדָ֖יו<h>
245443	<H>נֹושָֽׁבוּ<h>
245698	<H>הֹדֹֽו<h>
245763	<H>יֹשַׁבְתְּ֙<h>
245767	<H>מְקֻנַּ֖נְתְּ<h>
246308	<H>דְּבָרֹ֖ו<h>
246941	<H>לְ<h>
246942	<H>זַעֲוָ֣ה<h>
247155	<H>הַכְעִיסֵ֛נִי<h>
247290	<H>וְ<h>
247291	<H>הֵֽבֵאתִי֙<h>
247971	<H>הַ<h>
247972	<H>זֹּאת֙<h>
248288	<H>מִיכָה֙<h>
248995	<H>יְכָנְיָ֨ה<h>
249063	<H>בַּ<h>
249064	<H><h>
249065	<H>שָּׁנָה֙<h>
249749	<H>שְׁבוּתְכֶ֗ם<h>
249863	<H>לְ<h>
249864	<H>זַעֲוָ֜ה<h>
250006	<H>הַ<h>
250007	<H>יֹּודֵ֥עַ<h>
251036	<H>הָלָ֑כְתְּ<h>
251398	<H>בָּאִ֖ים<h>
251416	<H>קָ֤ו<h>
251437	<H>הַ<h>
251438	<H>שְּׁדֵמֹות֩<h>
251468	<H>בַּ<h>
251469	<H><h>
251470	<H>שָּׁנָה֙<h>
251560	<H>עֵינָ֥יו<h>
251995	<H>וּ<h>
251996	<H>בְ<h>
251997	<H>תֹורָתְךָ֣<h>
252308	<H>הַחֲטִ֥יא<h>
252691	<H>לְ<h>
252692	<H>כָל<h>
253134	<H>אָשִׁ֥יב<h>
253423	<H>וַֽ<h>
253424	<H>יִּכְבְּשׁ֔וּם<h>
253593	<H>לְ<h>
253594	<H>זַעֲוָ֔ה<h>
255180	<H>הַ<h>
255181	<H>כְּלֽוּא<h>
255492	<H>וְ<h>
255493	<H>אַיֵּה֙<h>
255630	<H>וְ<h>
255631	<H>חָיָ֔ה<h>
255904	<H>סְחָבֹ֔ות<h>
256028	<H>אֲשֶׁר֩<h>
256628	<H>כִּ֗י<h>
256715	<H>מֵבִ֨יא<h>
256858	<H>הַ<h>
256859	<H>דָּבָ֥ר<h>
257048	<H>עֵיפַ֣י<h>
257285	<H>תַּעֲשֵׂ֖ה<h>
257759	<H>כִּמְהָ֔ם<h>
257930	<H>אֲנַ֜חְנוּ<h>
258267	<H>הִתְעֵתֶם֮<h>
258596	<H>שַׁפְרִירֹ֖ו<h>
258598	<H>וּ<h>
258599	<H>בָ֕א<h>
259901	<H>הִרְבֵּ֣ית<h>
260422	<H>צְעִירֶֽיהָ<h>
260425	<H>הַ<h>
260426	<H>לֻּחִ֔ית<h>
260462	<H>כְמֹושׁ֙<h>
260469	<H>יַחְדָּֽיו<h>
260635	<H>וּ<h>
260636	<H>שְׁבִ֣י<h>
260668	<H>הֵילִ֣ילוּ<h>
260669	<H>וּֽ<h>
260670	<H>זְעָ֑קוּ<h>
260691	<H>מֵיפָֽעַת<h>
260762	<H>נִמְצָ֑א<h>
261033	<H>הַ<h>
261034	<H>נָּ֞ס<h>
261597	<H>תְּהִלָּ֑ת<h>
261637	<H>נְבֽוּכַדְרֶאצַּ֣ר<h>
261689	<H>עֲלֵיכֶ֖ם<h>
261812	<H>עֵילָֽם<h>
261863	<H>אָשִׁ֛יב<h>
261865	<H>שְׁב֥וּת<h>
261977	<H>הָי֣וּ<h>
261982	<H>שֹֽׁובְב֑וּם<h>
262017	<H>צֵ֑אוּ<h>
262063	<H>תִשְׂמְחוּ֙<h>
262065	<H>תַֽעַלְז֔וּ<h>
262069	<H>תָפ֨וּשׁוּ֙<h>
262073	<H>וְ<h>
262074	<H>תִצְהֲל֖וּ<h>
262132	<H>אָשְׁיֹותֶ֔יהָ<h>
262403	<H>לָהּ֙<h>
262684	<H>אֲרִיצֵם֙<h>
262779	<H>יִדְרֹ֤ךְ<h>
262877	<H>רִפִּ֣ינוּ<h>
262961	<H>שֹׁכַנְתְּ֙<h>
263334	<H>אֲכָלַ֣נִי<h>
263335	<H>הֲמָמַ֗נִי<h>
263339	<H>הִצִּיגַ֨נִי֙<h>
263342	<H>בְּלָעַ֨נִי֙<h>
263350	<H>הֱדִיחָֽנִי<h>
263927	<H>חֲמוּטַ֥ל<h>
264154	<H>בֵֽית<h>
264418	<H>קֹומַת֙<h>
264682	<H>הַ<h>
264683	<H>כְּלֽוּא<h>
264696	<H>הַ<h>
264697	<H>מְּלָכִ֛ים<h>
264873	<H>וִ<h>
264874	<H>ידֵ֣י<h>
265789	<H>וָֽ<h>
265790	<H>אֵשֵׁ֔ב<h>
265912	<H>צִדְקֹתָיו֙<h>
266187	<H>הַ<h>
266188	<H>יְמָנִי֙<h>
266370	<H>צְפִיעֵ֣י<h>
266865	<H>וְ<h>
266866	<H>לַ<h>
266867	<H><h>
266868	<H>גֵּאָיֹ֗ות<h>
267157	<H>אַרְבַּ֖ע<h>
267518	<H>וְ<h>
267519	<H>חִלְּלֽוּהוּ<h>
267775	<H>מָ֣ה<h>
267776	<H>הֵ֣ם<h>
268166	<H>אֵלָ֔יו<h>
268208	<H>אַל<h>
268210	<H>עֵינְכֶ֖ם<h>
268366	<H>כְּ<h>
268367	<H>כֹ֖ל<h>
268368	<H>אֲשֶׁ֥ר<h>
269596	<H>עֶזְרֹ֛ו<h>
270431	<H>בָ֖א<h>
270652	<H>דָּנִיאֵ֣ל<h>
270775	<H>דָּנִיאֵ֣ל<h>
271246	<H>שֵׁ֤שׁ<h>
271256	<H>אָכָ֑לְתְּ<h>
271351	<H>נָתַ֖תְּ<h>
271394	<H>מִ<h>
271395	<H>תַּזְנוּתָֽיִךְ<h>
271413	<H>זָכַ֖רְתְּ<h>
271468	<H>תַּזְנוּתָֽיִךְ<h>
271555	<H>עָשִׂ֖ית<h>
271561	<H>הָיִ֥ית<h>
271782	<H>זָכַרְתְּ֙<h>
271805	<H>עָשִׂית֙<h>
271876	<H>עָשִׂ֑ית<h>
271957	<H>אֲחֹותַ֔יִךְ<h>
271962	<H>עָשִֽׂית<h>
271993	<H>שְׁב֤וּת<h>
271999	<H>שְׁב֥וּת<h>
272003	<H>וּ<h>
272004	<H>שְׁב֥וּת<h>
272087	<H>וְ<h>
272088	<H>עָשִׂ֥יתִי<h>
272593	<H>מִבְרָחָ֤יו<h>
273076	<H>הָ<h>
273077	<H>רָשָׁ֖ע<h>
273087	<H>חַטֹּאתָיו֙<h>
273153	<H>צִדְקֹתָ֤יו<h>
273223	<H>וַ<h>
273224	<H>יָּ֔שָׁב<h>
275012	<H>כִּ<h>
275013	<H>קְסָם<h>
275464	<H>לְ<h>
275465	<H>סִ֑יג<h>
275920	<H>כַשְׂדִּ֔ים<h>
275942	<H>וַ<h>
275943	<H>תַּעְגְּבָ֥ה<h>
276427	<H>סָבָאִ֖ים<h>
276446	<H>עַתָּ֛ה<h>
276447	<H>יִזְנ֥וּ<h>
276579	<H>כְּתָב<h>
277181	<H>לְ<h>
277182	<H>בַז֙<h>
277235	<H>וְ<h>
277236	<H>קִרְיָתָֽיְמָה<h>
277843	<H>הַ<h>
277844	<H>יֹּשֶׁ֨בֶת֙<h>
277899	<H>כִּתִּיִּֽים<h>
278037	<H>וְ<h>
278038	<H>הָבְנִ֔ים<h>
278411	<H>מִ<h>
278412	<H>דָּֽנִיאֵ֑ל<h>
278896	<H>חַחִים֙<h>
278968	<H>בַ<h>
278969	<H><h>
278970	<H>כַּף֙<h>
279557	<H>תָּחוּל֙<h>
279860	<H>פֹארֹתָ֛יו<h>
280172	<H>הֲמֹונֹ֔ו<h>
280761	<H>הֲמֹונֹ֑ו<h>
280774	<H>חִתִּיתִ֖י<h>
280789	<H>הֲמֹונֹ֔ו<h>
281100	<H>צִדְקֹתָיו֙<h>
281146	<H>חַטֹּאתָיו֙<h>
282292	<H>תָשֹׁ֑בְנָה<h>
282357	<H>שָׁמֵ֑מוּ<h>
282713	<H>אָ֑תְּ<h>
282716	<H>גֹּויַ֖יִךְ<h>
282723	<H>וְ<h>
282724	<H>גֹויַ֖יִךְ<h>
282726	<H>תְשַׁכְּלִי<h>
282745	<H>וְ<h>
282746	<H>גֹויַ֨יִךְ֙<h>
283517	<H>חֲבֵרָ֑יו<h>
283533	<H>חֲבֵרָֽיו<h>
283585	<H>חֲבֵרָ֑יו<h>
283666	<H>יִֽהְיוּ<h>
284583	<H>הֲמֹונֹ֔ו<h>
284849	<H>שְׁב֣וּת<h>
285110	<H>בְּ<h>
285111	<H>מַֽעֲלֹותָ֑יו<h>
285177	<H>וְ<h>
285178	<H>אֵילָ֖יו<h>
285297	<H>הָֽ<h>
285298	<H>אִיתֹ֔ון<h>
285421	<H>וְ<h>
285422	<H>תָאָ֗יו<h>
285430	<H>וְ<h>
285431	<H>אֵילָ֤יו<h>
285432	<H>וְ<h>
285433	<H>אֵֽלַמָּיו֙<h>
285452	<H>וְ<h>
285453	<H>חַלֹּונָ֤יו<h>
285454	<H>וְ<h>
285455	<H>אֵֽלַמָּיו֙<h>
285456	<H>וְ<h>
285457	<H>תִ֣מֹרָ֔יו<h>
285473	<H>וְ<h>
285474	<H>אֵֽילַמָּ֖יו<h>
285515	<H>אֵילָיו֙<h>
285516	<H>וְ<h>
285517	<H>אֵ֣ילַמָּ֔יו<h>
285526	<H>וּ<h>
285527	<H>לְ<h>
285528	<H>אֵֽילַמָּיו֙<h>
285548	<H>עֹֽלֹותָ֔יו<h>
285549	<H>וְ<h>
285550	<H>אֵֽלַמָּ֖יו<h>
285564	<H>אֵילָֽיו<h>
285609	<H>וְ<h>
285610	<H>תָאָ֞יו<h>
285611	<H>וְ<h>
285612	<H>אֵילָ֤יו<h>
285613	<H>וְ<h>
285614	<H>אֵֽלַמָּיו֙<h>
285623	<H>וּ<h>
285624	<H>לְ<h>
285625	<H>אֵלַמָּ֖יו<h>
285650	<H>וְ<h>
285651	<H>אֵלַמָּ֗יו<h>
285659	<H>אֵילָ֑יו<h>
285663	<H>מַעֲלָֽיו<h>
285684	<H>וְ<h>
285685	<H>תָאָ֞יו<h>
285686	<H>וְ<h>
285687	<H>אֵלָ֤יו<h>
285688	<H>וְ<h>
285689	<H>אֵֽלַמָּיו֙<h>
285698	<H>וּ<h>
285699	<H>לְ<h>
285700	<H>אֵלַמָּ֖יו<h>
285712	<H>וְ<h>
285713	<H>אֵלַמָּ֗יו<h>
285722	<H>אֵלָ֖יו<h>
285731	<H>מַעֲלָֽיו<h>
285745	<H>תָּאָיו֙<h>
285746	<H>אֵלָ֣יו<h>
285747	<H>וְ<h>
285748	<H>אֵֽלַמָּ֔יו<h>
285763	<H>וְ<h>
285764	<H>אֵילָ֗יו<h>
285773	<H>אֵילָ֖יו<h>
285782	<H>מַעֲלָֽיו<h>
286286	<H>מוּסְדֹ֤ות<h>
286428	<H>וְ<h>
286429	<H>אַתִּיקֶ֛יהָא<h>
286854	<H>וּ<h>
286855	<H>מִ<h>
286856	<H>תַּ֖חַת<h>
286857	<H>הַ<h>
286858	<H>לְּשָׁכֹ֣ות<h>
286861	<H>הַ<h>
286862	<H>מֵּבִיא֙<h>
287015	<H>וְ<h>
287016	<H>לָבְשׁוּ֙<h>
287057	<H>מֵאֹ֥ות<h>
287352	<H>צֽוּרֹתָ֡יו<h>
287359	<H>צ֨וּרֹתָ֤יו<h>
287362	<H>תֹּורֹתָיו֙<h>
287470	<H>וּ<h>
287471	<H>מֵ<h>
287472	<H>הָ<h>
287473	<H>אֲרִיאֵ֣ל<h>
287480	<H>וְ<h>
287481	<H>הָ<h>
287482	<H>אֲרִיאֵ֗ל<h>
287703	<H>יָדָֽיו<h>
287783	<H>לֶ<h>
287784	<H>אֱכָל<h>
287853	<H>תֹּֽורֹתָ֑יו<h>
288279	<H>לְ<h>
288280	<H>מִשְׁפָּ֔ט<h>
288283	<H>יִשְׁפְּטֻ֑הוּ<h>
288494	<H>חֲמִשָּׁ֤ה<h>
288548	<H>וְֽ<h>
288549	<H>הָיָ֡ה<h>
289293	<H>יֵצֵֽא<h>
289431	<H>יַעֲשׂ֨וּ<h>
289551	<H>בַּ<h>
289552	<H><h>
289553	<H>יַּרְכָתַ֖יִם<h>
289845	<H>וְ<h>
289846	<H>נִרְפּ֥וּ<h>
289888	<H>עָמְד֨וּ<h>
289912	<H>בִּצֹּאתָ֧יו<h>
289953	<H>וְ<h>
289954	<H>הָיָ֤ה<h>
290463	<H>יַעֲבִ֖יר<h>
290499	<H>בְּ<h>
290500	<H>תֹוכֹֽו<h>
290514	<H>חֲמֵ֥שׁ<h>
290588	<H>תְבֽוּאָתֹו֙<h>
290683	<H>בְּ<h>
290684	<H>תֹוכֹֽו<h>
292350	<H>שַׁעֲרֽוּרִיָּ֑ה<h>
292741	<H>אֶ֨כְתָּב<h>
292743	<H>רֻבֵּ֖י<h>
293039	<H>בַֽל<h>
293218	<H>עֹונֹתָֽם<h>
295014	<H>אָשִׁ֛יב<h>
297571	<H>עֲנִיֵּי<h>
297646	<H>וְ<h>
297647	<H>נִשְׁקְעָ֖ה<h>
297937	<H>מַעֲלֹותָ֔יו<h>
298327	<H>שְׁעָרָ֗יו<h>
299589	<H>בָּ֥מֳתֵי<h>
299686	<H>שֹׁולָ֖ל<h>
299724	<H>הִתְפַּלָּֽשִׁי<h>
300071	<H>רָ֑ע<h>
301463	<H>וּ<h>
301464	<H>גְדָל<h>
301658	<H>לַֽ<h>
301659	<H>עֲבָר<h>
301731	<H>בַּ<h>
301732	<H>הֲלִֽיכָתָ֑ם<h>
301915	<H>וְ<h>
301916	<H>כָשְׁל֖וּ<h>
302855	<H>עֻזֹּֽו<h>
302977	<H>פְּרָזָ֔יו<h>
303585	<H>שְׁבִיתָֽם<h>
303633	<H>גֹּויִ֖י<h>
304261	<H>וְ<h>
304262	<H>אֶכָּבְדָ֖ה<h>
305060	<H>וּ<h>
305061	<H>מַֽעַלְלֵיכֶ֖ם<h>
305330	<H>וְ<h>
305331	<H>קָ֥ו<h>
305492	<H>אֵלָ֔יו<h>
305905	<H>וָ<h>
305906	<H>אֹמַ֡ר<h>
308045	<H>הַ<h>
308046	<H>בָּצִֽיר<h>
308944	<H>תִּשָּׁכַ֑בְנָה<h>
309060	<H>וְ<h>
309061	<H>קִפָּאֹֽון<h>
311114	<H>הַיְשַׁ֖ר<h>
311203	<H>וְ<h>
311204	<H>אַתָּ֥ה<h>
311683	<H>עֲנָוִֽים<h>
311742	<H>עֲ֝נִיִּ֗ים<h>
311807	<H>דְרָכָ֨יו<h>
311875	<H>יִדְכֶּ֥ה<h>
311881	<H>חֵ֣יל<h>
311882	<H>כָּאִֽים<h>
311901	<H>עֲנָוִֽים<h>
311982	<H>נ֝֗וּדִי<h>
312581	<H>סְבָב֑וּנוּ<h>
312623	<H>וּֽ<h>
312624	<H>צְפוּנְךָ֮<h>
313158	<H>מַגְדִּיל֮<h>
314024	<H>דֹּרְשָׁ֑יו<h>
314294	<H>צָרְפָ֖ה<h>
314840	<H>מִ<h>
314841	<H>יָּֽרְדִי<h>
316816	<H>רָֽדְפִי<h>
316833	<H>לִֽ<h>
316834	<H>ידוּת֗וּן<h>
317243	<H>וְ<h>
317244	<H>אֻשַּׁ֣ר<h>
317493	<H>שִׁירֹ֣ו<h>
318570	<H>וְ֭<h>
318571	<H>צוּרָם<h>
318891	<H>הֶ֭רֶב<h>
319331	<H>יָשִׁ֣יב<h>
319509	<H>יַשִּׁ֤י<h>
319510	<H>מָ֨וֶת<h>
319685	<H>יִצְפֹּ֗ונוּ<h>
319975	<H>חִ֝צָּ֗יו<h>
320137	<H>חַסְדִּ֣י<h>
320201	<H>יְנִיע֣וּן<h>
320302	<H>וַ<h>
320303	<H>עֲנֵֽנִי<h>
321030	<H>יָר֖וּמוּ<h>
322172	<H>חֽוּשָׁה<h>
322251	<H>הִרְאִיתַ֨נִי<h>
322257	<H>תְּחַיֵּ֑ינִי<h>
322490	<H>יִנֹּ֪ון<h>
322543	<H>נָטָ֣יוּ<h>
322547	<H>שֻׁפְּכ֥וּ<h>
322609	<H>יָשׁ֣וּב<h>
322669	<H>ה֣וּא<h>
322836	<H>וְ֭<h>
322837	<H>עַתָּה<h>
322897	<H>חֵֽיקְךָ֣<h>
323259	<H>יְדוּת֗וּן<h>
323360	<H>אֶזְכֹּ֥ור<h>
323441	<H>וּֽ֭<h>
323442	<H>שְׁבִֽילְךָ<h>
324359	<H>בַּ<h>
324360	<H><h>
324361	<H>גֹּויִ֣ם<h>
325161	<H>שְׁבִ֣ית<h>
325900	<H>תָּר֥וּם<h>
325997	<H>אֶשְׁמָר<h>
326303	<H>שַׁתָּ֣ה<h>
326706	<H>עַוְלָ֥תָה<h>
327589	<H>וְ<h>
327590	<H>לֹ֣ו<h>
327663	<H>מְלָשְׁנִ֬י<h>
327952	<H>כֹּחִ֗י<h>
328731	<H>רַגְלֹ֑ו<h>
328819	<H>דְּבָרֹֽו<h>
329409	<H>חֲסָדָֽיו<h>
331913	<H>וְ֝<h>
331914	<H>יֹדְעֵ֗י<h>
332434	<H>לִ<h>
332435	<H>דְבָרְךָ֥<h>
332538	<H>וּ֝<h>
332539	<H>מִ<h>
332540	<H>דְּבָרְךָ֗<h>
332916	<H>לִ<h>
332917	<H>גְאֵ֥י<h>
332918	<H>יֹונִֽים<h>
333103	<H>שְׁבִיתֵ֑נוּ<h>
333284	<H>לְ<h>
333285	<H>מַעֲנִיתָֽם<h>
334390	<H>פְּלִ֣יאָֽה<h>
334497	<H>וְ<h>
334498	<H>לֹ֖ו<h>
334667	<H>יְכַסֵּֽימֹו<h>
334668	<H>יִמֹּ֥וטוּ<h>
334692	<H>יָדַ֗עְתִּי<h>
335292	<H>וּ<h>
335293	<H>גְדוּלָּתְךָ֥<h>
335719	<H>דְּבָרָ֣יו<h>
335756	<H>צְבָאָֽיו<h>
336100	<H>אַחְיֹֽותֵיהֶ֔ם<h>
336235	<H>אַ֠תָּה<h>
336495	<H>יָצָ֜אתִי<h>
336681	<H>וְ<h>
336682	<H>עַ֥ד<h>
337471	<H>וְ<h>
337472	<H>יָדָ֥יו<h>
337583	<H>וְ֝<h>
337584	<H>הַוָּתִ֗י<h>
337758	<H>לֹ֑ו<h>
337834	<H>וְ<h>
337835	<H>שֻֽׁבוּ<h>
337854	<H>עֲלֵי<h>
337897	<H>וְ<h>
337898	<H>ג֣וּשׁ<h>
338389	<H>תַּחְתָּ֥יו<h>
338530	<H>בְ<h>
338531	<H>מֵי<h>
338779	<H>וַ<h>
338780	<H>חֲדָ֑ל<h>
338781	<H>וְ<h>
338782	<H>שִׁ֥ית<h>
339384	<H>לֹ֣ו<h>
339556	<H>חֻקָּ֥יו<h>
339869	<H>בִּ֭<h>
339870	<H>קְדֹשָׁיו<h>
339944	<H>וְ<h>
339945	<H>צָפ֖וּי<h>
340039	<H>בַּ<h>
340040	<H><h>
340041	<H>שָּׁ֣יו<h>
340239	<H>חֳ֭מַרְמְרוּ<h>
340908	<H>שַׁדּֽוּן<h>
341002	<H>עֲלוּמָ֑יו<h>
341277	<H>יְכַלּ֣וּ<h>
341352	<H>עֵינָ֣יו<h>
341925	<H>וְ֝<h>
341926	<H>יֹדְעָ֗יו<h>
341972	<H>יִקְצֹ֑ורוּ<h>
342342	<H>וּ֝<h>
342343	<H>בִ<h>
342344	<H>תְבוּנָתֹ֗ו<h>
342358	<H>דְּרָכָ֗יו<h>
342367	<H>גְּ֝בוּרֹתָ֗יו<h>
342502	<H>שְׂ֭רִידָיו<h>
343200	<H>יִתְרִ֣י<h>
343308	<H>תּוּשִׁיָּֽה<h>
343498	<H>הִ֥יא<h>
343500	<H>וְ֝<h>
343501	<H>ה֗וּא<h>
343593	<H>חֲלָצָ֑יו<h>
344214	<H>וְ<h>
344215	<H>רֹ֖וב<h>
344230	<H>וְ<h>
344231	<H>שֻׁפּ֥וּ<h>
344306	<H>נַ֭פְשֹׁו<h>
344312	<H>וְ֝<h>
344313	<H>חַיָּתֹו<h>
345311	<H>בְּ<h>
345312	<H>תַחְבּוּלֹתָ֣יו<h>
345441	<H>מִ֥ן<h>
345442	<H>הַ<h>
345443	<H>סְּעָרָ֗ה<h>
345546	<H>יִדַּ֖עְתָּ<h>
345547	<H>הַ<h>
345548	<H>שַּׁ֣חַר<h>
345829	<H>יְ֭לָדָיו<h>
345933	<H>יָשִׁ֣יב<h>
346082	<H>כְּנָפָ֣יו<h>
346112	<H>וְ<h>
346113	<H>אֶפְרֹחָ֥יו<h>
346167	<H>מִ֥ן<h>
346168	<H>סְעָרָ֗ה<h>
346269	<H>פַחֲדָ֣יו<h>
346426	<H>לֹֽו<h>
346623	<H>יָ֭דַעְתִּי<h>
346776	<H>שְׁב֣וּת<h>
346799	<H>אַחְיֹותָ֜יו<h>
346915	<H>וַ<h>
346916	<H>יִּרְאֶ֗ה<h>
347176	<H>כְ<h>
347177	<H>שֹׁואָ֨ה<h>
347299	<H>יִצְפֹּ֣ן<h>
347314	<H>חֲסִידָ֣יו<h>
347577	<H>מִ<h>
347578	<H>פְּנִינִ֑ים<h>
347694	<H>יָדְךָ֣<h>
347699	<H>לְ<h>
347700	<H>רֵֽעֲךָ֨<h>
347722	<H>תָּרִ֣יב<h>
347764	<H>וְ֝<h>
347765	<H>לַ<h>
347766	<H>עֲנָוִ֗ים<h>
347928	<H>יַכְשִֽׁילוּ<h>
348359	<H>בְּ֭<h>
348360	<H>עֵינָיו<h>
348362	<H>בְּ<h>
348363	<H>רַגְלָ֑יו<h>
348375	<H>מִדְיָנִ֥ים<h>
348393	<H>תֹּועֲבַ֥ת<h>
348987	<H>אֹהֲבַ֣י<h>
349161	<H>מָצָ֣א<h>
349653	<H>יְשָׁדֵּֽם<h>
350038	<H>יָשִׁ֥יב<h>
350337	<H>הֹלֵ֣ךְ<h>
350340	<H>יֶחְכָּ֑ם<h>
350581	<H>עֲנָוִ֣ים<h>
350829	<H>וּ<h>
350830	<H>פִ֥י<h>
351190	<H>עֲנָוִ֑ים<h>
351270	<H>שְׂ֝פָתֹ֗ו<h>
351463	<H>תָמ֥וּשׁ<h>
351603	<H>יְקַר<h>
351771	<H>וּ<h>
351772	<H>בָֽא<h>
351789	<H>וּ֝<h>
351790	<H>מִדְיָנִ֗ים<h>
351911	<H>לֹו<h>
351996	<H>יָמֽוּת<h>
352016	<H>גְּֽדָל<h>
352159	<H>וְ<h>
352160	<H>שָׁאַ֖ל<h>
352276	<H>נָכְרִיָּ֣ה<h>
352314	<H>בֶּ<h>
352315	<H>אֱשׁ֥וּן<h>
352318	<H>מְבֹהֶ֣לֶת<h>
352400	<H>תַּמְר֣וּק<h>
352595	<H>מִדְיָנִ֣ים<h>
352686	<H>יָבִ֬ין<h>
352687	<H>דַּרְכֹּֽו<h>
352731	<H>וְ<h>
352732	<H>נִסְתָּ֑ר<h>
352781	<H>יִקְצָר<h>
352809	<H>טְהָר<h>
352839	<H>יִפָּל<h>
352896	<H>שָׁלִישִׁ֑ים<h>
352947	<H>אֹֽרְחֹתָ֑יו<h>
353015	<H>תִּ֭תְאָיו<h>
353029	<H>הֲ<h>
353030	<H>תָ֤עִיף<h>
353042	<H>יָע֥וּף<h>
353053	<H>תִּ֝תְאָ֗יו<h>
353227	<H>גִּ֣יל<h>
353228	<H>יָ֭גִיל<h>
353231	<H>וְ<h>
353232	<H>יֹולֵ֥ד<h>
353234	<H>יִשְׂמַח<h>
353250	<H>תִּצֹּֽרְנָה<h>
353277	<H>מִדְיָנִ֨ים<h>
353308	<H>בַּ<h>
353309	<H><h>
353310	<H>כֹּ֣וס<h>
353361	<H>תִּ֝תְאָ֗יו<h>
353524	<H>אֹֽ֭ויִבְךָ<h>
353962	<H>מִ֝דְיָנִ֗ים<h>
354038	<H>לֹ֣ו<h>
354224	<H>מִ֝דְיָנִ֗ים<h>
354247	<H>בִּ֭<h>
354248	<H>שְׂפָתָיו<h>
354381	<H>וְ<h>
354382	<H>רֵ֪עַ<h>
354444	<H>מִ֝דְיָנִ֗ים<h>
354486	<H>וַ֭<h>
354487	<H>אֲבַדֹּו<h>
354548	<H>וָ<h>
354549	<H>דֹֽור<h>
354654	<H>וְ<h>
354655	<H>תַרְבִּ֑ית<h>
354736	<H>שֹׂ֥נֵא<h>
355240	<H>אֲדֹנָ֑יו<h>
355331	<H>וְ֝<h>
355332	<H>אַרְבָּעָ֗ה<h>
355537	<H>אֵ֣י<h>
355649	<H>נָ֣טְעָה<h>
355664	<H>בַ<h>
355665	<H><h>
355666	<H>לַּ֣יְלָה<h>
355954	<H>יַ֣עַשׂ<h>
356230	<H>מֹודַ֣ע<h>
356807	<H>שִׂמְלֹתַ֛יִךְ<h>
356809	<H>וְ<h>
356810	<H>יָרַ֣דְתְּ<h>
356842	<H>וְ<h>
356843	<H>שָׁכָ֑בְתְּ<h>
356857	<H>אֵלַ֖י<h>
356978	<H>כִּ֥י<h>
357016	<H>מַרְגְּלֹתָיו֙<h>
357022	<H>בְּ<h>
357023	<H>טֶ֛רֶם<h>
357092	<H>אֵלַ֔י<h>
357205	<H>וְ<h>
357206	<H>אֵֽדְעָה֙<h>
357239	<H>קָנִ֔יתָה<h>
357253	<H>לִ<h>
357254	<H>גְאָל<h>
357781	<H>רַהִיטֵ֖נוּ<h>
357920	<H>הַ<h>
357921	<H>סְּתָ֖יו<h>
357956	<H>לָ֛ךְ<h>
358351	<H>בְּ<h>
358352	<H>אַחַ֣ת<h>
360687	<H>עֵינֹ֖ו<h>
360846	<H>רַגְלְךָ֗<h>
361018	<H>ה֑וּא<h>
361052	<H>רְא֥וּת<h>
361431	<H>שֶׁ<h>
361432	<H>תַּקִּ֖יף<h>
361791	<H>אַתָּ֖ה<h>
362423	<H>יְחֻבַּ֔ר<h>
362777	<H>כְּ<h>
362778	<H>שֶׁ<h>
362779	<H>סָּכָ֥ל<h>
362875	<H>הַכְשֵׁ֖ר<h>
363020	<H>כְּנָפַ֖יִם<h>
363363	<H>יֵרָתֵק֙<h>
363612	<H>מִ<h>
363613	<H>בַּת<h>
363724	<H>מַחֲמַדֵּיהֶ֛ם<h>
363864	<H>הָֽ<h>
363865	<H>עַמִּ֗ים<h>
363987	<H>וְ<h>
363988	<H>לֹ֣א<h>
364262	<H>שְׁבוּתֵ֑ךְ<h>
364362	<H>בַ<h>
364363	<H><h>
364364	<H>לַּ֗יְלָה<h>
364524	<H>אֲרִ֖י<h>
364597	<H>וְ<h>
364598	<H>תָשֹׁ֥וחַ<h>
364633	<H>לְ<h>
364634	<H>קֹוָ֔יו<h>
364690	<H>חֲסָדָֽיו<h>
364746	<H>חֲטָאָֽיו<h>
364978	<H>תַּנִּים֙<h>
364987	<H>כַּ<h>
364988	<H><h>
364989	<H>יְעֵנִ֖ים<h>
365115	<H>כֹּ֖ל<h>
365183	<H>וּ<h>
365184	<H>זְקֵנִ֖ים<h>
365187	<H>עֹודֵ֨ינוּ֙<h>
365248	<H>יֹושֶׁ֖בֶת<h>
365279	<H>הַבִּ֖יטָה<h>
365293	<H>וְ<h>
365294	<H>אֵ֣ין<h>
365311	<H>וְ<h>
365312	<H>לֹ֥א<h>
365324	<H>וְ<h>
365325	<H>אֵינָ֔ם<h>
365326	<H>וַ<h>
365327	<H>אֲנַ֖חְנוּ<h>
365439	<H>וְֽ<h>
365440	<H>נָשׁ֔וּבָה<h>
365810	<H>מְמוּכָ֗ן<h>
366731	<H>כְּ<h>
366732	<H>אָמְרָ֤ם<h>
367194	<H>וַ֠<h>
367195	<H>תָּבֹואנָה<h>
367286	<H>בַּ<h>
367287	<H><h>
367288	<H>יְּהוּדִ֖ים<h>
368637	<H>הַ<h>
368638	<H>יְּהוּדִ֑ים<h>
368828	<H>בַּ<h>
368829	<H><h>
368830	<H>יְּהוּדִֽים<h>
369058	<H>הַ<h>
369059	<H>יְּהוּדִ֤ים<h>
369060	<H>עֲתִידִים֙<h>
369491	<H>הַ<h>
369492	<H>יְּהוּדִ֣ים<h>
369573	<H>וְ<h>
369574	<H>הַ<h>
369575	<H>יְּהוּדִ֣ים<h>
369606	<H>הַ<h>
369607	<H>פְּרָזִ֗ים<h>
369834	<H>וְ<h>
369835	<H>קִבְּל֣וּ<h>
370008	<H>אֲחַשְׁוֵרֹ֧ושׁ<h>
370147	<H>מוּם֩<h>
370611	<H>לְ<h>
370612	<H>עַבְדָ֖ךְ<h>
370620	<H>לְ<h>
370621	<H>כַשְׂדָּאֵ֔י<h>
370703	<H>הִזְדְּמִנְתּוּן֙<h>
370721	<H>כַשְׂדָּאֵ֤י<h>
370968	<H>וּ<h>
370969	<H>נְהֹורָ֖א<h>
371064	<H>הַֽ<h>
371065	<H>אִיתָ֣ךְ<h>
371120	<H>אַ֣נְתְּ<h>
371165	<H>אַ֣נְתְּ<h>
371206	<H>מִנְּהֵין֙<h>
371209	<H>וּ<h>
371210	<H>מִנְּהֵ֖ין<h>
371285	<H>אַ֣נְתְּ<h>
371304	<H>דָֽיְרִ֣ין<h>
371319	<H>אַנְתְּ<h>
371333	<H>תְלִיתָאָ֤ה<h>
371344	<H>רְבִ֣יעָאָ֔ה<h>
371374	<H>מִנְּהֵ֞ין<h>
371378	<H>וּ<h>
371379	<H>מִנְּהֵ֣ין<h>
371404	<H>מִנְּהֵ֥ין<h>
371406	<H>וּ<h>
371407	<H>מִנְּהֵ֣ין<h>
371418	<H>וְ<h>
371419	<H>דִ֣י<h>
371676	<H>וְ<h>
371677	<H>קָֽיְמִין֙<h>
371702	<H>קַתְרֹ֨וס<h>
371749	<H>קַתְרֹ֤וס<h>
371794	<H>אַ֣נְתְּ<h>
371806	<H>קַתְרֹ֨וס<h>
371809	<H>וְ<h>
371810	<H>סוּפֹּ֣נְיָ֔ה<h>
371852	<H>עֲלָ֤ךְ<h>
371855	<H>לֵֽ<h>
371856	<H>אלָהָךְ֙<h>
371925	<H>קַתְרֹ֣וס<h>
372008	<H>אִיתַ֣נָא<h>
372026	<H>אֶשְׁתַּנִּ֔י<h>
372075	<H>פַּטְּשֵׁיהֹ֔ון<h>
372179	<H>רְֽבִיעָאָ֔ה<h>
372203	<H>עִלָּאָ֖ה<h>
372278	<H>גֶשְׁמְהֹ֗ון<h>
372303	<H>שָׁלוּ֙<h>
372352	<H>דָיְרִ֥ין<h>
372365	<H>עִלָּאָ֑ה<h>
372427	<H>עָלִּ֗ין<h>
372430	<H>כַּשְׂדָּאֵ֖י<h>
372537	<H>יְדוּרָן֙<h>
372615	<H>אֲנָשָׁ֣א<h>
372642	<H>עִלָּאָ֜ה<h>
372645	<H>אֲנָשָׁ֗א<h>
372656	<H>עֲלַֽהּ<h>
372663	<H>וְ<h>
372664	<H>אַ֨נְתְּ<h>
372680	<H>וְ<h>
372681	<H>אַ֣נְתְּ<h>
372714	<H>מָרִ֕י<h>
372716	<H>לְ<h>
372717	<H>שָֽׂנְאָ֖ךְ<h>
372720	<H>לְ<h>
372721	<H>עָרָֽךְ<h>
372760	<H>אַנְתְּ<h>
372833	<H>עִלָּאָה֙<h>
372838	<H>מָרִ֥י<h>
372867	<H>עֲלָ֑ךְ<h>
372873	<H>עִלָּאָה֙<h>
372905	<H>עֲלָ֔ךְ<h>
372906	<H>וַ<h>
372907	<H>חֲטָאָךְ֙<h>
372996	<H>עֲלָ֑ךְ<h>
373002	<H>עִלָּאָה֙<h>
373057	<H>וּ<h>
373058	<H>לְ<h>
373059	<H>עִלָּאָה֙<h>
373080	<H>דָּיְרֵ֤י<h>
373092	<H>וְ<h>
373093	<H>דָיְרֵ֖י<h>
373246	<H>נְפַ֨קָה֙<h>
373295	<H>כַּשְׂדָּאֵ֖י<h>
373317	<H>וְ<h>
373318	<H>הַֽמְנִיכָ֤ה<h>
373329	<H>עָֽלִּ֔ין<h>
373339	<H>וּ<h>
373340	<H>פִשְׁרֵ֖הּ<h>
373367	<H>עַלַּ֑ת<h>
373463	<H>אַנְתְּ<h>
373480	<H>עֲלָ֔ךְ<h>
373518	<H>עֲלָ֔ךְ<h>
373520	<H>תִכּ֥וּל<h>
373530	<H>תִּכּ֨וּל<h>
373540	<H>וְ<h>
373541	<H>הַֽמְנִיכָ֤ה<h>
373575	<H>אַ֖נְתְּ<h>
373578	<H>עִלָּאָ֔ה<h>
373602	<H>זָיְעִ֥ין<h>
373657	<H>שַׁוִּ֗יְו<h>
373678	<H>עִלָּאָה֙<h>
373688	<H>עֲלַֽהּ<h>
373689	<H>וְ<h>
373690	<H>אַ֤נְתְּ<h>
373714	<H>קָֽדָמָ֗ךְ<h>
373715	<H>וְ<h>
373716	<H>אַ֨נְתְּ<h>
373717	<H>וְ<h>
373718	<H>רַבְרְבָנָ֜ךְ<h>
373815	<H>וְ<h>
373816	<H>הַֽמְנִיכָ֥א<h>
373836	<H>כַשְׂדָּאָֽה<h>
373839	<H>מָֽדָאָ֔ה<h>
374170	<H>עֲלָ֤ךְ<h>
374261	<H>אַ֤נְתְּ<h>
374348	<H>אַ֤נְתְּ<h>
374388	<H>קָֽדָמָךְ֙<h>
374470	<H>דָיְרִ֥ין<h>
374486	<H>זָיְעִין֙<h>
374542	<H>פָּרְסָאָֽה<h>
374643	<H>שִׁנַּ֑הּ<h>
374668	<H>גַּבַּ֑הּ<h>
374688	<H>רְֽבִיעָאָ֡ה<h>
374706	<H>בְּ<h>
374707	<H>רַגְלַ֣הּ<h>
374731	<H>בֵּֽינֵיהֵ֔ן<h>
374737	<H>אֶתְעֲקַ֖רָה<h>
374739	<H>קֳדָמַ֑הּ<h>
374789	<H>אַלְפִין֙<h>
374793	<H>רִבְבָ֖ן<h>
374957	<H>כָּלְּהֵ֑ין<h>
374960	<H>שִׁנַּ֤הּ<h>
374985	<H>וּ<h>
374986	<H>נְפַ֥לָה<h>
374988	<H>קֳדָמַ֖הּ<h>
375040	<H>רְבִיעָאָה֙<h>
375082	<H>עִלָּאָה֙<h>
375450	<H>הוּרַ֣ם<h>
375856	<H>הִרְשַׁ֣עְנוּ<h>
376011	<H>דְּבָרֹ֣ו<h>
376168	<H>פְּקַ֣ח<h>
376315	<H>וּ<h>
376316	<H>לְ<h>
376317	<H>הָתֵ֤ם<h>
376318	<H>חַטָּאת֙<h>
377124	<H>וּ<h>
377125	<H>בָנָ֣יו<h>
377141	<H>וְ<h>
377142	<H>יִתְגָּרֶ֖ה<h>
377144	<H>מָעֻזֹּֽו<h>
377173	<H>וְ<h>
377174	<H>רָ֣ם<h>
377308	<H>וְ<h>
377309	<H>יָשֵׂ֧ם<h>
377733	<H>יַכִּ֖יר<h>
378434	<H>נְבוּכַדְנֶצַּ֥ר<h>
378796	<H>שַׁלְמַ֖י<h>
378820	<H>מְעוּנִ֖ים<h>
378822	<H>נְפוּסִֽים<h>
379167	<H>וַ<h>
379168	<H>יַּעֲל֨וּ<h>
379542	<H>וְ<h>
379543	<H>לֹ֣ו<h>
379602	<H>וּֽ<h>
379603	<H>מְבַהֲלִ֥ים<h>
379649	<H>כְּנָוֹתָ֔יו<h>
379651	<H>אַרְתַּחְשַׁ֖שְׂתְּ<h>
379693	<H>אַרְכְּוָיֵ֤א<h>
379696	<H>דֶּהָיֵ֖א<h>
379729	<H>עַבְדָ֛ךְ<h>
379751	<H>וּ<h>
379752	<H>בִֽישְׁתָּא֙<h>
379754	<H>וְ<h>
379755	<H>שׁוּרַיָּ֣א<h>
379756	<H>שַׁכְלִ֔ילוּ<h>
379975	<H>אַרְתַּחְשַׁ֣שְׂתְּ<h>
380022	<H>נְבִיָּ֗א<h>
380027	<H>נְבִיַּיָּ֔א<h>
380062	<H>נְבִיַּיָּ֥א<h>
380279	<H>כַּסְדָּאָ֑ה<h>
380351	<H>אֵ֚ל<h>
380745	<H>נְבִיָּ֔א<h>
380820	<H>לְ<h>
380821	<H>חַטָּאָ֤ה<h>
381272	<H>עֲלָ֨ךְ<h>
381275	<H>אֶחָ֜ךְ<h>
381429	<H>דָּאיְנִין֙<h>
381469	<H>לִ<h>
381470	<H>שְׁרֹשִׁ֔י<h>
381711	<H>וְ<h>
381712	<H>זַכּ֑וּר<h>
381782	<H>וָ<h>
381783	<H>אֲצַוֶּ֤ה<h>
381803	<H>הַ<h>
381804	<H>נְּתִינִים֙<h>
381968	<H>וָ<h>
381969	<H>אֶשְׁקֳלָ֣ה<h>
382748	<H>עֵילָם֙<h>
382999	<H>כִּ<h>
383000	<H>דְבָרְךָ֥<h>
383315	<H>וְ<h>
383316	<H>רָמֹֽות<h>
383362	<H>כְּלֽוּהוּ<h>
383368	<H>וְ<h>
383369	<H>יַעֲשָֽׂי<h>
383398	<H>יַדַּ֥י<h>
383404	<H>נָשְׂא֖וּ<h>
383422	<H>כִּסְלֵיו֙<h>
383640	<H>וַ<h>
383641	<H>הֲבִֽיאֹותִים֙<h>
384048	<H>הֵ֣ם<h>
384049	<H>פְּרוּצִ֔ים<h>
384551	<H>וְ<h>
384552	<H>יַעֲמִיד֙<h>
384651	<H>זַכַּ֖י<h>
384821	<H>אַחֲרָ֨יו<h>
384841	<H>אַחֲרָ֣יו<h>
385147	<H>בַּ<h>
385148	<H><h>
385149	<H>צְּחִיחִ֑ים<h>
385217	<H>וַ<h>
385218	<H>נָּ֤שָׁב<h>
385580	<H>וָ<h>
385581	<H>אֹמַ֕ר<h>
386387	<H>וָ<h>
386388	<H>אֹמַ֣ר<h>
386855	<H>נְפִֽישְׁסִֽים<h>
387851	<H>אַתָּ֣ה<h>
388157	<H>חֶ֖סֶד<h>
388812	<H>נֵיבָֽי<h>
389542	<H>יְדוּתֽוּן<h>
389833	<H>וְ<h>
389834	<H>עֻנִּ֧י<h>
389885	<H>לִ<h>
389886	<H>מְלִ֨יכוּ֙<h>
389897	<H>לְ<h>
389898	<H>עִדֹּ֥וא<h>
390473	<H>רָאשֵׁי֙<h>
391080	<H>אַשְׁדֳּדִיֹּ֔ות<h>
391081	<H>עַמֳּנִיֹּ֖ות<h>
391345	<H>לוּדִ֧ים<h>
391761	<H>עֲוִֽית<h>
391820	<H>עַֽלְוָ֖ה<h>
392009	<H>וְ<h>
392010	<H>אַחְיֹותֵיהֶ֖ם<h>
392523	<H>יֹשְׁבֵ֣י<h>
392794	<H>הֹודַוְיָ֡הוּ<h>
392899	<H>וְ<h>
392900	<H>צֹ֖חַר<h>
393112	<H>וְ<h>
393113	<H>תִילֹ֑ון<h>
393405	<H>הַ<h>
393406	<H>מְּעוּנִ֨ים<h>
394178	<H>בְּנֵי֙<h>
394279	<H>צוּף֙<h>
394956	<H>יָשׁ֥וּב<h>
395125	<H>יְע֡וּשׁ<h>
395448	<H>בִרְזָֽיִת<h>
395479	<H>וְ<h>
395480	<H>רָהְגָּ֖ה<h>
395481	<H>וְ<h>
395482	<H>חֻבָּ֥ה<h>
395794	<H>וּ<h>
395795	<H>פְנוּאֵ֖ל<h>
396060	<H>בָּנִ֔י<h>
396061	<H>מִן<h>
396536	<H>פְּטוּרִ֑ים<h>
396565	<H>יְעִיאֵ֑ל<h>
397212	<H>הַ<h>
397213	<H>שָּׁ֣לִישִׁ֔ים<h>
397317	<H>וַ<h>
397318	<H>יִּתְאָ֥יו<h>
397416	<H>וְ<h>
397417	<H>לֹו<h>
397687	<H>וִֽ<h>
397688	<H>יעִיאֵ֔ל<h>
397774	<H>וִ<h>
397775	<H>יזִיאֵ֥ל<h>
397817	<H>הַ<h>
397818	<H>חֲרוּפִֽי<h>
397941	<H>גְּדֹותָ֑יו<h>
398013	<H>הַ<h>
398014	<H>שָּׁלִישִׁים֒<h>
398764	<H>חוּרָ֨ם<h>
398894	<H>פְּלִשְׁתִּ֔ים<h>
399457	<H>מַחְצְרִים֙<h>
400973	<H>לִ<h>
400974	<H>שְׁאָל<h>
401731	<H>יָעִ֗יר<h>
402635	<H>בְּנִ֕י<h>
403059	<H>שְׁלֹומִ֧ית<h>
403777	<H>שָׁמִֽיר<h>
403886	<H>הַֽ<h>
403887	<H>נִּבְּאִ֛ים<h>
404661	<H>וּ<h>
404662	<H>שְׁלֹמִ֥ית<h>
405097	<H>לַ<h>
405098	<H><h>
405099	<H>בֵּ֣ן<h>
405100	<H>יְמִינִ֑י<h>
405394	<H>שִׁרְטַ֖י<h>
406487	<H>ה֖וּא<h>
408089	<H>הַ<h>
408090	<H>יְמָנִי֙<h>
408336	<H>חוּרָ֗ם<h>
408891	<H>מַחְצְרִ֖ים<h>
408898	<H>לַ<h>
408899	<H><h>
408900	<H>מְחַצְּרִ֨ים<h>
410162	<H>מַחְצְרִ֣ים<h>
410796	<H>הַ<h>
410797	<H>נִּצָּבִ֛ים<h>
411005	<H>אֳנִיֹּ֗ות<h>
411262	<H>חוּרָם֙<h>
411708	<H>יֶעְדֹּ֣ו<h>
412495	<H>בַּת<h>
413323	<H>מַחְצְרִ֖ים<h>
413421	<H>עֶפְרַ֖יִן<h>
414708	<H>וּ<h>
414709	<H>שְׁמִֽירָמֹ֡ות<h>
415104	<H>מִיכָ֥יְהוּ<h>
415658	<H>יָדְךָ֛<h>
418817	<H>בְּ<h>
418818	<H>מַחֲלוּיִ֣ם<h>
418865	<H>יִ֧רֶ֞ב<h>
419322	<H>לְכָ֖ה<h>
419636	<H>יְכָלְיָ֖ה<h>
419712	<H>הָֽ<h>
419713	<H>עַרְבִ֛ים<h>
419814	<H>יְעִיאֵ֣ל<h>
420082	<H>הַֽ<h>
420083	<H>חָפְשִׁית֙<h>
421122	<H>לְ<h>
421123	<H>זַֽעֲוָה֙<h>
421231	<H>וִ<h>
421232	<H>יעִיאֵ֑ל<h>
421244	<H>יְחִיאֵ֣ל<h>
421623	<H>מַחְצְרִ֑ים<h>
422819	<H>כָּֽנַנְיָ֣הוּ<h>
422849	<H>כָּֽנַנְיָ֨הוּ֙<h>
423592	<H>וּ<h>
423593	<H>מִֽיצִיאֵ֣י<h>
424251	<H>וַ<h>
424252	<H>יִּ֨בֶן֙<h>
424557	<H>מִזְבְּחֹותָ֑ם<h>
424576	<H>בְּ<h>
424577	<H>חַרְבֹתֵיהֶ֖ם<h>
424685	<H>וַ<h>
424686	<H>יָּשֻׁ֖בוּ<h>
425027	<H>תָּקְהַ֗ת<h>
425094	<H>וַֽ<h>
425095	<H>יְקַטְּרוּ֙<h>
425407	<H>הַ<h>
425408	<H>מְּבִינִ֨ים<h>
425446	<H>וְ<h>
425447	<H>הָכִ֥ינוּ<h>
425576	<H>וְ֠<h>
425577	<H>כָֽנַנְיָהוּ<h>
426328	<H>לִ<h>
426329	<H>מְעָל<h>
426393	<H>כַּשְׂדִּ֗ים<h>
